entity_name,entity_type,region,risk_type,risk_level,sentiment,sentiment_score,violation_reason,impact_scope,summary,llm_confidence,record_id,url
深圳证券交易所,其他,广东,其他风险,低,中性,0.0,无违规，进行创业板改革交易机制仿真测试,整个行业,深交所联合中国结算深圳分公司开展深化创业板改革交易机制仿真测试，覆盖协议大宗交易、盘后固定价格交易扩围、主板风险警示股票涨跌幅调整等业务，确保改革平稳落地。,0.95,NEWS_000001,http://finance.eastmoney.com/a/202606083763428382.html
郑州银行,银行,河南,其他风险,低,负面,-0.3,明确不分红，可能影响股东回报,机构自身、股东权益,郑州银行2025年度明确不分红，成为42家A股上市银行中唯一不分红的银行，可能影响投资者信心。,0.9,NEWS_000002,http://finance.eastmoney.com/a/202606083763260266.html
农业银行,银行,未知,其他风险,低,正面,0.6,股价上涨，无违规行为,机构自身,银行股震荡走高，农业银行涨超3%，其他银行股跟涨，市场表现积极。,0.9,NEWS_000003,http://finance.eastmoney.com/a/202606083763124631.html
北京商报,其他,北京,舆情风险,低,中性,0.0,文章未提及具体违规，仅讨论市场风险与投资策略,机构自身,北京商报评论指出A股震荡调整期，大盘绩优股抗跌性更强，建议投资者关注稳健标的，规避短线题材炒作风险。,0.9,NEWS_000004,http://stock.eastmoney.com/a/202606073762719819.html
北京航天驭星科技股份有限公司,上市公司,北京,其他风险,低,正面,0.6,无违规，启动上市辅导属于正常进程,机构自身,航天驭星启动上市辅导，辅导机构为国泰海通证券，公司主营商业航天测运控服务。,0.9,NEWS_000005,http://finance.eastmoney.com/a/202606083763115837.html
中远海控,上市公司,未知,经营风险,中,中性,0.0,海运市场提早进入旺季，但下半年价格走势不明朗，运营不确定性高,机构自身、整个行业,国际航运价格持续走高，多条航线舱位紧缺，海运市场提早进入旺季，但下半年价格走势不明朗，中东地缘风险持续存在，运营不确定性高。,0.85,NEWS_000006,http://finance.eastmoney.com/a/202606083762796911.html
派瑞股份,上市公司,未知,信息披露风险,高,负面,-0.9,年度报告和半年度报告存在虚假记载，被实施其他风险警示,机构自身、投资者权益,派瑞股份因2024年年度报告和2025年半年度报告存在虚假记载，被实施其他风险警示，股票简称变更为ST派瑞，自6月9日起生效。,0.95,NEWS_000007,http://finance.eastmoney.com/a/202606083762805764.html
中国银河证券,证券,未知,舆情风险,低,中性,0.0,研报提及市场轮动风险，但未涉及违规行为,机构自身,中国银河证券发布研报，提出均衡布局策略，提示外部扰动、行业景气预期和政策监管影响，未发现违规行为。,0.95,NEWS_000008,http://finance.eastmoney.com/a/202606083762802186.html
中国银河证券,证券,未知,经营风险,中,负面,-0.45,水泥市场需求不足，价格走弱，企业提价不及预期,机构自身,中国银河证券预计短期水泥价格延续震荡趋弱态势，因高温降雨导致需求不足，库存回升，涨价落地不及预期。,0.85,NEWS_000009,http://finance.eastmoney.com/a/202606083762800286.html
中信证券,证券,未知,其他风险,低,正面,0.65,无违规，研报指出银行步入基本面修复通道，行业估值提升可期,整个行业,中信证券研报认为上市银行步入基本面修复通道，行业估值提升可期，股息率对低风偏资金有吸引力，具备绝对收益空间。,0.9,NEWS_000010,http://bank.eastmoney.com/a/202606083762798942.html
长鑫科技集团股份有限公司,上市公司,未知,其他风险,低,正面,0.85,无违规，正面报道其IPO进展及银行系资金支持,机构自身,长鑫科技和长江存储迎来IPO新进展，多家银行金融资产投资公司入股，体现金融资源向硬科技领域倾斜，银行通过股权投资优化收益结构，支持科技创新。,0.9,NEWS_000011,http://finance.eastmoney.com/a/202606083762793791.html
中信证券,证券,未知,其他风险,低,正面,0.85,无违规，文本为行业分析报告,整个行业,中信证券发布保险行业策略报告，认为保险板块处于长期机遇期，二季度业绩有望亮眼，建议配置头部险企。,0.95,NEWS_000012,http://insurance.eastmoney.com/a/202606083762794875.html
中信证券,证券,未知,其他风险,低,正面,0.65,无违规，文本为行业分析报告,整个行业,中信证券指出AI算力扩张驱动DCI产业链重构，国内厂商有望深度参与全球供应链。,0.9,NEWS_000013,http://finance.eastmoney.com/a/202606083762793837.html
蓝科高新,上市公司,未知,内部控制风险,中,负面,-0.6,重组方案调整，标的股权存在质押风险，可能影响交割,机构自身,蓝科高新调整重组方案，取消蓝亚检测收购，仅收购中国空分51%股权，但标的股权存在质押风险，股价下跌5.98%。,0.85,NEWS_000014,http://finance.eastmoney.com/a/202606083762789324.html
迈赫股份,上市公司,未知,其他风险,中,中性,0.0,限售股解禁比例高达57.37%，可能对股价造成压力,机构自身,迈赫股份今日限售股解禁1.07亿股，占总股本57.37%，解禁市值21.55亿元，解禁比例较高，可能带来减持压力。,0.85,NEWS_000015,http://finance.eastmoney.com/a/202606083762786759.html
中信建投,证券,未知,流动性风险,中,中性,0.0,建议预防潜在的流动性风险,机构自身,中信建投研报指出市场未充分定价油价中枢抬升，建议预防流动性风险，先布局确定性资产。,0.85,NEWS_000016,http://finance.eastmoney.com/a/202606083762786382.html
中信建投,证券,北京,舆情风险,中,中性,0.0,算力板块波动加剧，交易结构拥挤，引发市场疑虑,整个行业,中信建投研报指出算力板块波动加剧，源于基本面优势与交易拥挤的矛盾，短期有再平衡需求，中期关注海外科技股企稳后布局。,0.85,NEWS_000017,http://finance.eastmoney.com/a/202606083762786240.html
私募基金行业,基金,未知,合规风险,中,中性,0.0,行业存在募资结构失衡、部分国资基金偏离功能定位、退出渠道淤堵等问题,整个行业,国务院发布指导意见，加强私募基金全链条监管，推动行业从粗放扩张转向高质量发展，重点解决募资结构失衡、国资基金偏离定位、退出渠道淤堵等风险。,0.9,NEWS_000018,http://finance.eastmoney.com/a/202606083762745162.html
中信建投证券,证券,北京,舆情风险,中,中性,0.0,AI量化工具宣传可能误导散户，实际胜率不稳定，存在投资者教育不足风险,客户权益、行业声誉,文章探讨券商向散户推广AI量化工具，指出其实际胜率约七成，散户与机构差距未缩小，存在合规与投资者保护风险。,0.85,NEWS_000019,http://biz.eastmoney.com/a/202606083762745890.html
和顺电气,上市公司,江苏,经营风险,低,正面,0.85,中标订单尚未签署正式合同，存在不确定性,机构自身,和顺电气中标国家电网2.37亿元项目，占营收64.87%，但合同尚未签署，存在不确定性。,0.9,NEWS_000020,http://finance.eastmoney.com/a/202606083762744579.html
未知,基金,未知,其他风险,低,正面,0.6,无违规，业绩比较基准调整平稳，基准向持仓靠拢,整个行业,首批公募基金业绩比较基准调整平稳落地，涉及195只产品，调整遵循基准向持仓靠拢原则，未引发大幅调仓，权益中枢上调释放积极信号。,0.9,NEWS_000021,http://finance.eastmoney.com/a/202606083762782910.html
华泰证券,证券,未知,市场操纵风险,中,负面,-0.55,AI链产业催化真空与宏观风险再定价，市场风格再平衡，成长承压,机构自身、整个行业,华泰证券发布A股策略，指出短期A股进入AI链催化真空与宏观风险再定价窗口，建议适度止盈AI链，向银行、小金属等再平衡。,0.85,NEWS_000022,http://finance.eastmoney.com/a/202606083762781011.html
东方财富证券,证券,未知,舆情风险,中,中性,0.0,科技板块拥挤度引发热议，市场风格切换讨论升温,整个行业,券商密集调研科技公司，科技板块拥挤度创年内新高，分析师热议市场风格切换，部分看好消费股。,0.85,NEWS_000023,http://finance.eastmoney.com/a/202606083762749174.html
派瑞股份,上市公司,未知,信息披露风险,高,负面,-0.85,因涉嫌信息披露违法违规被证监会立案，并收到行政处罚事先告知书,机构自身、投资者权益,派瑞股份因涉嫌信披违法违规被证监会立案，后续收到陕西证监局行政处罚事先告知书，面临ST风险。,0.95,NEWS_000024,http://finance.eastmoney.com/a/202606083762764437.html
江波龙,上市公司,未知,信息披露风险,低,负面,-0.3,副总经理计划减持股份，可能引发市场对公司前景的担忧,机构自身,江波龙副总经理朱宇计划在2026年6月30日至9月29日期间减持不超过59.84万股，占公司总股本的0.1414%。,0.9,NEWS_000025,http://finance.eastmoney.com/a/202606073762718177.html
恒星科技,上市公司,未知,舆情风险,中,负面,-0.65,股价异常波动，涉及热点概念炒作，公司澄清相关概念与实际业务脱节,机构自身、投资者权益,恒星科技因股价连续三日涨幅偏离值超20%发布公告，澄清光纤、黄金、机械设备三大热点概念均为炒作，相关业务对业绩影响微小或尚未形成收入，提醒投资者理性判断。,0.92,NEWS_000026,http://finance.eastmoney.com/a/202606073762725965.html
派瑞股份,上市公司,未知,信息披露风险,高,负面,-0.85,通过篡改商品验收单据延迟确认销售收入，导致多期财报虚增虚减营收，平滑业绩,机构自身、投资者权益,派瑞股份因篡改单据延迟确认收入，导致2024年报虚减营收2271.50万元、利润1711.73万元，2025半年报虚增营收和利润，被证监会处罚合计1020万元，股票被ST，6月8日停牌一天。,0.95,NEWS_000027,http://finance.eastmoney.com/a/202606073762701474.html
新宙邦,上市公司,未知,经营风险,中,中性,0.0,协议履行存在市场需求波动、技术路线变更等不确定性,机构自身,新宙邦与宁德时代签订30万吨电解液长期合作协议，但协议履行存在市场需求波动、技术路线变更等风险，可能影响公司经营业绩。,0.9,NEWS_000028,http://finance.eastmoney.com/a/202606073762731790.html
泰坦股份,上市公司,未知,市场操纵风险,高,负面,-0.85,核心产品仍处研发阶段，股价却因概念炒作大幅上涨，存在严重非理性炒作风险,机构自身、投资者权益,泰坦股份因电子布织机概念被炒作，股价多次异常波动，市盈率超331倍，但产品仍处研发阶段，且盈利能力持续下滑。高盛、瑞银等外资一季度大举买入，加剧市场风险。,0.95,NEWS_000029,http://finance.eastmoney.com/a/202606073762701090.html
韩建河山,上市公司,未知,经营风险,高,负面,-0.85,参股公司威格斯盘锦持续大幅亏损，技术缺陷导致产能远低于设计值，未来可能继续计提大额损失，影响重组协同逻辑,机构自身,韩建河山参股的威格斯盘锦公司连续两年巨亏，2025年亏损9474万元，因技术缺陷产能仅约100吨/年，远低于1500吨/年设计产能，未来可能继续计提损失，影响其10.7亿元收购的PEEK产业链协同逻辑。,0.92,NEWS_000030,http://finance.eastmoney.com/a/202606073762717871.html
博通,上市公司,未知,经营风险,中,负面,-0.65,AI业绩指引不及预期，引发市场调整,整个行业,博通AI收入业绩指引不及市场预期，直接引发美股半导体、AI算力龙头回落，并传导至亚太市场，加剧市场波动。,0.85,NEWS_000031,http://finance.eastmoney.com/a/202606073762681589.html
中际旭创,上市公司,未知,其他风险,低,正面,0.85,无违规，市值大幅增长反映市场认可,机构自身,中际旭创因AI产业链需求，股价一年涨幅超10倍，市值突破千亿，成为硬科技领域代表。,0.9,NEWS_000032,http://finance.eastmoney.com/a/202606073762668884.html
望奎双汇,上市公司,黑龙江,合规风险,高,负面,-0.85,猪肉抗生素超标，违反食品安全规定,机构自身、客户权益,望奎双汇猪肉被曝抗生素超标，国务院食安办成立工作组督导查处，涉及食品安全违规。,0.95,NEWS_000033,http://finance.eastmoney.com/a/202606073762655896.html
中国证券监督管理委员会,其他,北京,其他风险,低,正面,0.85,无违规，为监管机构正面表态,整个行业,证监会主席吴清在基金业协会会议上表示，将贯彻十五五规划，深化公募基金改革，建设一流投资机构，强调规范、客户为本、功能为要、创新为基。,0.95,NEWS_000034,http://finance.eastmoney.com/a/202606063762563862.html
公募基金,基金,未知,其他风险,低,正面,0.85,无违规，正面报道投资先进制造和科创领域,整个行业,证监会主席吴清表示，过去五年公募基金投资先进制造和科创领域股票超过6万亿元，体现对实体经济的支持。,0.95,NEWS_000035,http://stock.eastmoney.com/a/202606063762563326.html
中国证券投资基金业协会,基金,北京,其他风险,低,正面,0.85,无违规，致辞强调行业机遇与高质量发展,整个行业,证监会主席吴清在基金业协会会员大会上致辞，指出人工智能等科技革命亟需适配的金融服务体系，基金行业面临战略机遇，包括经济转型、金融结构调整和资本市场制度重塑。,0.95,NEWS_000036,http://finance.eastmoney.com/a/202606063762554698.html
中国证券投资基金业协会,基金,北京,合规风险,中,正面,0.65,未提及具体违规，但强调防范伪创新和乱创新,整个行业,证监会主席吴清在基金业协会会议上强调头部机构提升综合实力，中小机构走特色化路线，并加强创新风险防控，遏制伪创新。,0.7,NEWS_000037,http://finance.eastmoney.com/a/202606063762553614.html
中国证监会,其他,北京,合规风险,低,正面,0.85,无违规，强调投资者利益优先和行业改革,整个行业,证监会主席吴清在基金业协会会议上强调坚持客户为本，注重投资者利益优先，推动行业从重规模向重回报转型，遏制违规行为。,0.95,NEWS_000038,http://fund.eastmoney.com/a/202606063762553477.html
中国证券投资基金业协会,其他,未知,其他风险,低,正面,0.85,无违规，内容为监管层鼓励创新和长期投资,整个行业,证监会主席吴清在基金业协会会议上强调长期资本、耐心资本的重要性，鼓励投早、投小、投长期、投硬科技，并支持国资基金健全容错机制，优化考核标准。,0.95,NEWS_000039,http://finance.eastmoney.com/a/202606063762553287.html
证监会,其他,北京,市场操纵风险,中,中性,0.0,程序化交易可能被滥用，存在操纵市场、扰乱市场秩序的风险,整个行业,证监会主席吴清表示将持续完善程序化交易监管，坚决打击操纵市场等违法违规行为。,0.9,NEWS_000040,http://finance.eastmoney.com/a/202606063762553017.html
中国证监会,其他,北京,市场操纵风险,中,中性,0.0,持续完善程序化交易监管，坚决打击操纵市场等违法违规行为,整个行业,吴清主席在讲话中强调将完善程序化交易监管，打击操纵市场行为，维护市场秩序。,0.9,NEWS_000041,http://finance.eastmoney.com/a/202606063762552639.html
海南百迈科医疗科技股份有限公司,上市公司,海南,其他风险,低,中性,0.0,无违规行为，仅为IPO上会审议,机构自身,百迈科北交所IPO将于6月12日上会审议，目前无负面信息。,0.95,NEWS_000042,http://finance.eastmoney.com/a/202606053762268560.html
瑞松科技,上市公司,未知,经营风险,低,中性,0.0,定增募资用于项目建设和补充流动资金，属于正常融资行为,机构自身,瑞松科技拟定向增发募资不超过7.84亿元，用于高精高速六轴机器人产业化项目、总部及研发中心升级、补充流动资金及偿还贷款。,0.9,NEWS_000043,http://finance.eastmoney.com/a/202606053762225787.html
爱施德,上市公司,未知,合规风险,中,负面,-0.5,自查发现需补缴企业所得税税款及滞纳金3.08亿元,机构自身,爱施德因涉税事项自查，补缴企业所得税及滞纳金合计3.08亿元，已全部缴纳完毕，不涉及行政处罚，不影响正常经营。,0.9,NEWS_000044,http://finance.eastmoney.com/a/202606053762183082.html
久吾高科,上市公司,未知,其他风险,低,正面,0.6,无违规，可转债申请获深交所审核通过,机构自身,久吾高科向不特定对象发行可转债申请获深交所审核通过，符合发行条件、上市条件和信息披露要求。,0.9,NEWS_000045,http://finance.eastmoney.com/a/202606053762148828.html
龙芯中科,上市公司,未知,其他风险,低,中性,0.0,股东拟询价转让股份，非公开且非二级市场减持，但受让后6个月内不得转让,机构自身,龙芯中科股东中科百孚、利禾博投资拟询价转让501万股，占总股本1.25%，为非公开转让，受让方6个月内不得转让。,0.9,NEWS_000046,http://finance.eastmoney.com/a/202606053762141216.html
软通动力,上市公司,未知,其他风险,低,正面,0.6,无违规，实际控制人提议回购股份用于股权激励，属于正面公司治理行为,机构自身,软通动力实际控制人提议回购1亿-2亿元股份用于股权激励，旨在提升公司价值与员工积极性。,0.9,NEWS_000047,http://finance.eastmoney.com/a/202606053762124966.html
中重科技,上市公司,未知,舆情风险,中,中性,0.0,公司发布风险提示公告，澄清不涉及机器人业务，但市场可能因概念炒作产生误解,机构自身,中重科技发布风险提示公告，澄清主营业务为冶金智能装备，不涉及机器人及零配件生产，提示投资者注意概念炒作风险。,0.9,NEWS_000048,http://finance.eastmoney.com/a/202606053762125238.html
淳中科技,上市公司,未知,信息披露风险,中,中性,0.0,股票交易异常波动，公司澄清业务不涉及液冷服务器生产制造，仅参与测试环节且存在不确定性,机构自身、投资者,淳中科技因股价连续三日涨幅偏离值达20%发布异动公告，澄清公司业务不涉及液冷服务器生产制造，仅参与液冷老化测试平台等测试环节，且业务推进存在不确定性。,0.9,NEWS_000049,http://finance.eastmoney.com/a/202606053762114178.html
大族激光,上市公司,未知,市场操纵风险,中,负面,-0.65,控股股东及多名高管计划减持股份，可能引发市场对公司前景的担忧,机构自身,大族激光公告控股股东及多名高管拟合计减持不超0.6952%股份，减持计划可能影响投资者信心。,0.9,NEWS_000050,http://finance.eastmoney.com/a/202606053762113135.html
华峰化学,上市公司,浙江,合规风险,中,中性,0.0,关联交易尚未完成审计评估及审批程序，存在不确定性,机构自身,华峰化学筹划发行股份及支付现金收购关联方资产，交易构成关联交易，尚需多项审批，存在不确定性。,0.85,NEWS_000051,http://finance.eastmoney.com/a/202606053762111385.html
菲林格尔,上市公司,未知,舆情风险,中,负面,-0.5,股东及高管拟减持股份，可能引发市场负面解读,机构自身,菲林格尔公告称，持股5%以上股东亚太集团及副总经理吉富堂拟合计减持不超2.5281%股份，减持期间为2026年6月30日至2026年9月29日。,0.85,NEWS_000052,http://finance.eastmoney.com/a/202606053762113317.html
深交所,证券,广东,市场操纵风险,中,负面,-0.5,对199起证券异常交易行为采取自律监管措施，涉及盘中拉抬打压、虚假申报等,整个行业,深交所本周对199起证券异常交易行为采取自律监管措施，涉及拉抬打压、虚假申报等，并上报4起涉嫌违法违规案件线索。,0.9,NEWS_000053,http://stock.eastmoney.com/a/202606053762109474.html
盛洋科技,上市公司,未知,其他风险,低,中性,0.0,定增募资用于项目建设，无违规行为,机构自身,盛洋科技公告拟定向增发募资不超过10.76亿元，用于卫星互联网通信终端智能制造等项目，属于正常融资行为。,0.9,NEWS_000054,http://finance.eastmoney.com/a/202606053762106630.html
杭州华大海天科技股份有限公司,上市公司,浙江,其他风险,低,正面,0.8,无违规，IPO过会属于正面事件,机构自身,杭州华大海天科技股份有限公司在北交所IPO过会，符合发行条件、上市条件和信息披露要求。,0.95,NEWS_000055,http://finance.eastmoney.com/a/202606053762104856.html
摩根士丹利,证券,未知,其他风险,低,正面,0.85,无违规，积极投资布局硬科技,机构自身,摩根士丹利等国际投行看好中国硬科技，重点布局AI算力与光通信产业链企业，并上调中国经济增速预期。,0.9,NEWS_000056,http://finance.eastmoney.com/a/202606053762099777.html
韩建河山,上市公司,未知,经营风险,中,中性,0.0,收购标的公司可能带来整合风险及业绩不确定性,机构自身,韩建河山拟10.7亿元收购兴福新材99.9978%股份，旨在打造第二增长曲线，但收购存在整合风险。,0.8,NEWS_000057,http://finance.eastmoney.com/a/202606053762099668.html
九号公司,上市公司,未知,其他风险,低,正面,0.6,无违规，公司主动回购股份以维护股东利益,机构自身,九号公司拟以1.5亿元至3亿元回购股份，用于减少注册资本，回购价格不超过60元/份，期限12个月。,0.9,NEWS_000058,http://finance.eastmoney.com/a/202606053762099478.html
*ST太和,上市公司,未知,内部控制风险,中,中性,0.0,董事长因个人原因辞职，可能反映公司治理或内部控制存在隐患,机构自身,*ST太和董事长吴靖因个人原因辞职，未持有公司股份，辞职不影响公司正常运作，公司将尽快完成补选。,0.85,NEWS_000059,http://finance.eastmoney.com/a/202606053762092391.html
江波龙,上市公司,未知,合规风险,低,负面,-0.3,副总经理计划减持股份，可能引发市场对公司前景的担忧,机构自身,江波龙副总经理朱宇计划在2026年6月30日至9月29日期间减持不超过59.84万股，占总股本0.1414%，可能对股价产生一定压力。,0.85,NEWS_000060,http://finance.eastmoney.com/a/202606053762086156.html
重庆再升科技股份有限公司,上市公司,重庆,舆情风险,低,中性,0.0,网传虚假信息称公司将被ST，但经核实为谣言，公司未受处罚,机构自身,中国上市公司协会辟谣，网传再升科技因行政处罚被ST为虚假信息，公司股票未停牌或更名。,0.95,NEWS_000061,http://finance.eastmoney.com/a/202606053762090198.html
财通福鑫LOF,基金,未知,市场操纵风险,高,负面,-0.8,基金溢价较高，存在异常交易风险,机构自身、投资者权益,上交所对财通福鑫LOF等溢价较高的基金进行重点监控，因其溢价较高可能引发市场操纵风险。,0.9,NEWS_000062,http://finance.eastmoney.com/a/202606053762083474.html
东田微,上市公司,未知,经营风险,低,正面,0.65,无违规，但CPO相关布局尚处研发阶段，未形成规模化产品与营收贡献,机构自身,东田微光通信核心产品订单充足，产能利用率合理；围绕CPO开展前置性技术研发，但尚未形成规模化产品与营收贡献。,0.85,NEWS_000063,http://finance.eastmoney.com/a/202606053762084668.html
德宏股份,上市公司,未知,舆情风险,中,负面,-0.6,股东计划减持股份，可能引发市场负面解读,机构自身,德宏股份股东张宏保计划减持不超过2%股份，可能对股价造成压力，引发投资者担忧。,0.85,NEWS_000064,http://finance.eastmoney.com/a/202606053762083970.html
聚飞光电,上市公司,未知,其他风险,低,正面,0.75,无违规行为，公司产品研发和出货进展正常,机构自身,聚飞光电公告称其光通信产品持续量产，50G PON进入试产，400G SR、800G SR8光引擎持续出货，玻璃基Mini/Micro LED应用于半导体显示，并关注前瞻布局。,0.95,NEWS_000065,http://finance.eastmoney.com/a/202606053762083341.html
寒锐钴业,上市公司,江西,经营风险,中,正面,0.6,大规模投资可能带来资金压力和项目执行风险,机构自身,寒锐钴业拟投资20.03亿元建设电积镍及电池级硫酸镍项目，完善产业链布局，但需关注资金和项目风险。,0.85,NEWS_000066,http://finance.eastmoney.com/a/202606053762081659.html
中证协,其他,未知,合规风险,中,中性,0.0,IPO现场检查名单公布，被抽中企业需接受合规审查,机构自身,中证协公布2026年第三批IPO现场检查名单，6家拟IPO企业被抽中，均于5月受理，其中3家已进入问询阶段。,0.9,NEWS_000067,http://stock.eastmoney.com/a/202606053762076989.html
ST晨鸣,上市公司,山东,合规风险,中,负面,-0.6,向关联方借款未履行审议程序、未及时披露及在定期报告中披露,机构自身,ST晨鸣因2019年至2024年向5家关联方借款未履行审议程序、未及时披露及在定期报告中披露，收到山东证监局警示函并记入诚信档案。公司已结清相关业务，将加强内控管理。,0.9,NEWS_000068,http://finance.eastmoney.com/a/202606053762076811.html
郑盛,其他,未知,市场操纵风险,高,负面,-0.85,内幕交易，利用未公开信息买卖股票获利,机构自身,自然人郑盛因内幕交易被证监会没收违法所得209万余元并处以三倍罚款，合计约837万元。,0.95,NEWS_000069,http://finance.eastmoney.com/a/202606053762079543.html
康春叶,其他,未知,市场操纵风险,高,负面,-0.85,内幕交易，利用内幕信息买卖股票获利,机构自身、客户权益,康春叶作为内幕信息知情人的配偶，在内幕信息敏感期内控制多个账户买卖相关公司股票，获利368万余元，被证监会没收违法所得并罚款1000万元。,0.95,NEWS_000070,http://finance.eastmoney.com/a/202606053762079467.html
利和兴,上市公司,广东,经营风险,低,正面,0.3,无违规，投资建设研发生产基地属于正常经营扩张,机构自身,利和兴拟投资不超过3亿元建设高端半导体及自动化设备研发生产基地，属于正常投资活动，风险较低。,0.9,NEWS_000071,http://finance.eastmoney.com/a/202606053762073165.html
莱伯泰科,上市公司,未知,舆情风险,中,负面,-0.65,市场传闻误导投资者，公司澄清相关产品收入占比有限且业务拓展存在不确定性,机构自身,莱伯泰科发布公告澄清市场传闻，指出其电感耦合等离子体质谱仪系列产品在半导体领域收入占比有限，相关业务拓展存在不确定性，提醒投资者勿将传闻等同于业绩承诺。,0.92,NEWS_000072,http://finance.eastmoney.com/a/202606053762070932.html
伯特利,上市公司,未知,舆情风险,中,负面,-0.5,股东奇瑞科技因自身资金需要计划减持不超过3%股份,机构自身,伯特利公告称股东奇瑞科技因资金需要拟减持不超3%股份，减持期间为2026年6月30日至9月24日。,0.9,NEWS_000073,http://finance.eastmoney.com/a/202606053762067265.html
广汽集团,上市公司,未知,舆情风险,低,正面,0.3,公司澄清无出借股票行为，回应市场传闻,机构自身,广汽集团在互动平台澄清无出借本公司股票行为，强调合法经营，遵守监管要求，保障投资者利益。,0.9,NEWS_000074,http://finance.eastmoney.com/a/202606053762058643.html
佳华科技,上市公司,未知,经营风险,中,负面,-0.5,因市场环境变化及核心条款未达成一致，终止重大资产重组,机构自身,佳华科技终止发行股份及支付现金购买资产并募集配套资金事项，因市场环境变化及交易双方未能就核心条款达成一致，公司审慎决定终止交易。,0.9,NEWS_000075,http://finance.eastmoney.com/a/202606053762062225.html
博腾股份,上市公司,未知,其他风险,低,正面,0.6,公司回购股份用于注销并减少注册资本，属于正常资本运作，无违规行为,机构自身,博腾股份拟以8000万元至1亿元回购股份并注销，回购价格上限26.59元/股，预计回购376.08万股，占总股本0.69%，期限3个月。,0.9,NEWS_000076,http://finance.eastmoney.com/a/202606053762057125.html
禾川科技,上市公司,未知,其他风险,低,中性,0.0,股东因自身资金需求询价转让股份，不涉及违规减持,机构自身,禾川科技股东晴川投资拟询价转让604.05万股，占总股本4%，受让方为机构投资者，6个月内不得转让，不属于二级市场减持。,0.9,NEWS_000077,http://finance.eastmoney.com/a/202606053762039850.html
天准科技,上市公司,未知,经营风险,低,中性,0.0,子公司拟出售股票，属于正常资产处置，无违规行为,机构自身,天准科技全资子公司拟择机出售长光辰芯股票，预计交易金额约1.29亿元，账面成本5313.80万元，属于正常投资退出行为。,0.9,NEWS_000078,http://finance.eastmoney.com/a/202606053762034040.html
沪硅产业,上市公司,未知,舆情风险,中,负面,-0.6,大股东国家大基金减持3%股份，可能引发市场对公司前景的担忧,机构自身,沪硅产业公告称，股东国家大基金于2026年5月6日至6月4日累计减持3%股份，减持计划已实施完毕，当前持股12.49%。,0.9,NEWS_000079,http://finance.eastmoney.com/a/202606053762033679.html
天洋新材,上市公司,未知,舆情风险,低,中性,0.0,董事因个人资金需求减持股份，不涉及违规,机构自身,天洋新材董事李铁山计划减持不超过45万股，占总股本0.104%，减持原因为个人资金需求，按市场价格进行。,0.95,NEWS_000080,http://finance.eastmoney.com/a/202606053762030760.html
中国证监会,其他,北京,合规风险,中,中性,0.0,私募基金行业存在募资结构失衡、部分机构质量不高、风险时有发生等问题，需加强监管,整个行业,国务院办公厅印发指导意见，加强私募基金监管，防范风险，促进高质量发展，证监会将制定三年行动方案落实。,0.9,NEWS_000081,http://finance.eastmoney.com/a/202606053762027761.html
私募投资基金行业,基金,未知,合规风险,高,负面,-0.8,部分私募基金成为违法犯罪、新型腐败和隐性腐败工具，存在违规代持、通道化、自融自用、利益输送等问题,整个行业、客户权益,国务院办公厅发布指导意见，指出私募基金行业存在准入机制不完善、监管不到位、制度不健全等问题，部分私募基金成为违法犯罪和腐败工具，要求加强监管、防范风险，推动行业高质量发展。,0.95,NEWS_000082,http://finance.eastmoney.com/a/202606053762020631.html
返利科技,上市公司,未知,其他风险,低,正面,0.8,公司撤销退市风险警示，证券简称变更，风险解除,机构自身,*ST返利撤销退市风险警示，股票停牌一天后复牌，简称变更为返利科技，涨跌幅限制恢复至10%。,0.95,NEWS_000083,http://finance.eastmoney.com/a/202606053762006839.html
湖南发展,上市公司,湖南,内部控制风险,低,中性,0.0,财务负责人因工作调整辞职，属于正常人事变动，未发现违规行为,机构自身,湖南发展财务负责人李志科因工作调整辞职，董事长刘志刚代行职责，属于正常人事变动，未涉及违规或负面事件。,0.9,NEWS_000084,http://finance.eastmoney.com/a/202606053761979664.html
百利天恒,上市公司,未知,其他风险,低,正面,0.6,无违规，公司获得银行专项贷款用于回购股份，属于正常经营行为,机构自身,百利天恒获得中国银行不超过1.8亿元股票回购专项贷款承诺函，用于回购股份并实施员工持股或股权激励，有利于提升公司价值。,0.9,NEWS_000085,http://finance.eastmoney.com/a/202606053761950573.html
鑫科材料,上市公司,未知,经营风险,中,负面,-0.6,终止定增并撤回申请，原计划募资3.5亿元用于偿债和补充流动资金，可能反映公司融资能力或经营状况变化,机构自身,鑫科材料终止2026年度向特定对象发行A股股票并撤回申请，原拟募资不超3.5亿元用于偿还银行贷款和补充流动资金，发行对象为控股股东。,0.85,NEWS_000086,http://finance.eastmoney.com/a/202606053761946024.html
招商证券,证券,未知,其他风险,低,正面,0.6,无违规，研报内容为市场分析,机构自身,招商证券发布研报，认为A股将呈现慢牛特征，内需复苏与科技自立为主线。,0.9,NEWS_000087,http://finance.eastmoney.com/a/202606053761945977.html
上海奉天电子股份有限公司,上市公司,上海,合规风险,中,负面,-0.6,主动撤回IPO申请，导致北交所终止审核,机构自身,上海奉天电子股份有限公司向北交所提交撤回上市申请，北交所决定终止其IPO审核。,0.9,NEWS_000088,http://finance.eastmoney.com/a/202606053761938914.html
中际旭创,上市公司,未知,舆情风险,中,负面,-0.65,股价大幅下跌，成交额异常放大，引发市场关注,机构自身,中际旭创今日放量大跌7.81%，成交额583亿元创历史新高，位列A股历史第四，股价收报1179.99元，市场情绪负面。,0.85,NEWS_000089,http://finance.eastmoney.com/a/202606053761924320.html
上交所,其他,上海,合规风险,中,中性,0.0,要求券商清理交易单元特殊便利，加强合规管理,整个行业,上交所要求券商自查交易单元使用情况，清理为个别投资者提供的特殊便利，以强化交易单元统一管理。,0.9,NEWS_000090,http://finance.eastmoney.com/a/202606053761914040.html
未知,其他,未知,其他风险,低,中性,0.0,文本未提及具体违规或风险事件,机构自身,A股午盘沪指上涨，6G概念活跃，电力与培育钻石板块下跌，未涉及具体风险事件。,0.9,NEWS_000091,http://stock.eastmoney.com/a/202606053761715952.html
瑞银集团,证券,未知,其他风险,低,正面,0.85,无违规行为，文本为正面市场分析,机构自身、整个行业,瑞银表示外资对中国资产配置意愿提升，A股盈利改善，港股活跃，可转债市场升温，外资结构变化，看好科技和出海企业。,0.95,NEWS_000092,http://stock.eastmoney.com/a/202606053761679031.html
A股三大股指,其他,未知,其他风险,低,正面,0.6,无违规，市场表现积极,整个行业,A股三大股指悉数翻红，6G概念、光纤概念等板块涨幅居前，市场情绪正面。,0.9,NEWS_000093,http://finance.eastmoney.com/a/202606053761523375.html
中国人寿,保险,未知,舆情风险,低,正面,0.65,股价上涨，无违规行为,机构自身,保险板块走高，中国人寿涨超5%，新华保险、中国人保、中国平安、中国太保跟涨，市场情绪正面。,0.9,NEWS_000094,http://finance.eastmoney.com/a/202606053761356583.html
北京中科信半导体股份有限公司,上市公司,北京,其他风险,低,中性,0.0,启动IPO辅导，无违规行为,机构自身,北京中科信半导体于2026年6月4日办理IPO辅导备案，拟上市，辅导券商为中信建投，控股股东持股33.11%。,0.95,NEWS_000095,http://finance.eastmoney.com/a/202606053761353441.html
大悦城,上市公司,未知,舆情风险,低,正面,0.75,无违规，股价因行业利好上涨,机构自身,房地产板块活跃，大悦城涨停，杭州二手房成交量创近六年同期新高，市场情绪正面。,0.9,NEWS_000096,http://finance.eastmoney.com/a/202606053761266217.html
牙博士医疗控股集团股份有限公司,上市公司,江苏,其他风险,低,中性,0.0,启动IPO辅导，无违规行为,机构自身,牙博士医疗控股集团股份有限公司于2026年6月4日在江苏证监局办理辅导备案登记，拟首次公开发行股票并上市，辅导券商为东吴证券。,0.95,NEWS_000097,http://finance.eastmoney.com/a/202606053761188538.html
A股上市公司,上市公司,未知,其他风险,低,正面,0.85,无违规，文章讨论自发回购作为市场自立信号,整个行业,文章指出A股上市公司自发回购增多，传递价值信号和流动性充裕信号，反映市场成熟，监管应保护市场机制。,0.9,NEWS_000098,http://finance.eastmoney.com/a/202606043760642342.html
中信证券,证券,未知,舆情风险,中,中性,0.0,市场情绪面临结构性切换，抱团主线步入休整，存在缩圈僵局风险,机构自身、整个行业,中信证券研报指出A股资金缩圈与个股收益率分化触及历史极值，建议以AI+能化新杠铃结构应对，市场面临结构性切换风险。,0.85,NEWS_000099,http://finance.eastmoney.com/a/202606053761034015.html
天洋新材,上市公司,未知,信息披露风险,中,负面,-0.65,光模块透镜固定用胶月营收占比不足1%，但公司股价连续涨停，存在炒作风险,机构自身,天洋新材公告其光模块透镜固定用胶产品月营收占比不足1%，但公司股价已连续4个涨停，提示投资者注意风险。,0.9,NEWS_000100,http://finance.eastmoney.com/a/202606053761029552.html
惠丰钻石,上市公司,未知,舆情风险,高,负面,-0.72,股价短期暴涨但基本面未改善，杠杆资金加速涌入，存在市场情绪过热风险,机构自身、投资者权益,惠丰钻石等培育钻石概念股因AI散热题材股价暴涨，但业绩低迷，近一年无券商研报，杠杆资金快速增长，公司发布风险提示公告，基本面未变。,0.88,NEWS_000101,http://finance.eastmoney.com/a/202606043760551297.html
中际旭创,上市公司,未知,市场操纵风险,中,中性,0.0,成交额异常集中，可能面临市场反转或风格切换风险,机构自身、整个行业,中际旭创作为AI算力龙头，成交额高达438亿元，市场资金过度集中，历史指标显示超过45%后常伴随市场巨大反转，存在拥挤交易风险。,0.85,NEWS_000102,http://finance.eastmoney.com/a/202606053760814437.html
华泰证券,证券,未知,经营风险,低,正面,0.65,无违规，主要提示保险行业盈利反弹的投资机会,整个行业,华泰证券研报指出保险业二季度盈利有望反弹，估值安全边际显现，建议重视投资机会。,0.9,NEWS_000103,http://insurance.eastmoney.com/a/202606053761027987.html
开源证券,证券,未知,其他风险,低,正面,0.6,无违规，仅为投资策略建议,机构自身,开源证券发布食品饮料板块中期投资策略，认为白酒板块接近周期底部，大众品板块具备配置价值，建议布局三条主线。,0.9,NEWS_000104,http://finance.eastmoney.com/a/202606053761028250.html
东方财富网,其他,未知,其他风险,低,正面,0.85,无违规，报道上市公司回购潮，内容正面,整个行业,报道612家A股公司年内回购计划，金额上限1114亿元，白马股领跑，提振市场信心，体现企业自信经营和主动管理价值。,0.95,NEWS_000105,http://finance.eastmoney.com/a/202606053760784495.html
华泰证券,证券,未知,经营风险,中,中性,0.0,保险行业盈利波动大，受权益市场影响显著，存在基数压力,整个行业,华泰证券研报指出保险业二季度盈利有望反弹，但三季度面临基数压力，利润高波动性持续，建议关注二季报投资机会。,0.9,NEWS_000106,http://insurance.eastmoney.com/a/202606053760982387.html
华泰证券,证券,未知,其他风险,低,正面,0.75,无违规，研报看好光模块设备行业前景,整个行业,华泰证券研报指出AI算力需求驱动光模块设备量价齐升，行业迎增长拐点，看好相关企业。,0.9,NEWS_000107,http://finance.eastmoney.com/a/202606053760939190.html
易方达基金,基金,未知,经营风险,中,中性,0.0,宽基ETF规模大幅缩水，面临资金流出压力,机构自身,易方达基金ETF管理规模虽居首，但宽基ETF资金持续流出，规模从9000亿元回落至6000亿元区间，面临经营压力。,0.85,NEWS_000108,http://stock.eastmoney.com/a/202606053760812026.html
豫能控股,上市公司,未知,其他风险,低,正面,0.65,无违规，受益于高温和算电协同概念,机构自身,豫能控股因高温天气和算电协同概念受市场关注，股价涨停，投资价值升温。,0.9,NEWS_000109,http://finance.eastmoney.com/a/202606053760811261.html
中信建投,证券,北京,舆情风险,低,正面,0.65,研报观点积极，未涉及违规行为,机构自身,中信建投研报指出港股进入牛市中后段，看好互联网与AI平台等主线，整体观点正面。,0.9,NEWS_000110,http://finance.eastmoney.com/a/202606053760864861.html
东方财富网,其他,未知,其他风险,中,中性,0.0,文章讨论并购重组中的非理性溢价风险，未涉及具体违规事件,整个行业,文章分析了并购重组中非理性溢价的原因，包括机构盲目抬升估值、轻资产企业包装变现预期、股价波动扰动定价等，并提出了应对措施。,0.9,NEWS_000111,http://finance.eastmoney.com/a/202606053760772243.html
中策橡胶,上市公司,未知,其他风险,中,中性,0.0,限售股解禁规模较大，可能对股价造成压力,机构自身,中策橡胶今日解禁4.18亿股，解禁市值191.94亿元，占总股本47.75%，解禁比例较高，可能引发减持风险。,0.85,NEWS_000112,http://finance.eastmoney.com/a/202606053760818590.html
中芯国际,上市公司,未知,经营风险,低,正面,0.85,无违规，受益于行业景气度提升，业绩增长,机构自身,中芯国际一季度净利润超10亿元，对全年运营乐观，受益于AI算力需求增长。,0.9,NEWS_000113,http://finance.eastmoney.com/a/202606053760769922.html
交易所,其他,未知,合规风险,中,负面,-0.6,券商为个别投资者提供特殊便利，利用专属独立交易单元进行差异化套利,整个行业、客户权益,交易所修订交易业务单元管理要求，严禁为个别投资者提供特殊便利，要求券商自查整改，以维护交易公平和投资者权益。,0.85,NEWS_000114,http://stock.eastmoney.com/a/202606053760780190.html
新睿电子,上市公司,未知,经营风险,中,中性,0.0,原材料价格波动可能影响毛利率和盈利能力,机构自身,新睿电子上市，主营工业机器人控制系统，但面临原材料价格波动风险，可能影响盈利能力。,0.85,NEWS_000115,http://finance.eastmoney.com/a/202606053760807855.html
唯特偶,上市公司,深圳,市场操纵风险,高,负面,-0.75,股价异常波动期间频繁路演并提及热点概念，涉嫌迎合市场热点炒作,机构自身、投资者权益,唯特偶因股价短期暴涨近4倍，收到深交所关注函，质疑其通过频繁路演提及光模块、先进封装等热点概念迎合市场炒作，存在市场操纵风险。,0.9,NEWS_000116,http://finance.eastmoney.com/a/202606053760785288.html
三大交易所,证券,未知,合规风险,中,负面,-0.6,券商交易单元存在不合规配置，要求全面自查并整改,整个行业、投资者权益,三大交易所要求券商对交易单元进行全面自查，存量不合规配置须在3个月内整改完毕，严禁为个别投资者提供特殊便利，以保护中小投资者权益。,0.9,NEWS_000117,http://finance.eastmoney.com/a/202606043760755463.html
中交地产,上市公司,北京,经营风险,高,负面,-0.75,董事长在摘帽次日辞职，高层人事频繁变动，公司战略转型面临不确定性,机构自身,中交地产刚撤销退市风险警示，董事长王尧即辞职，任期仅9个月；公司近年高层变动频繁，业绩亏损，轻资产转型面临挑战。,0.85,NEWS_000118,http://finance.eastmoney.com/a/202606053760772866.html
嘉美包装,上市公司,未知,舆情风险,中,负面,-0.3,要约收购价与二级市场现价差超三倍，市场炒作预期回归理性，投资者观望情绪浓厚,机构自身、投资者权益,嘉美包装控制权变更，要约收购价4.45元/股远低于市价18.65元，市场对资产整合预期落空，业绩增长依赖行业周期而非产业协同，投资者需审慎。,0.85,NEWS_000119,http://finance.eastmoney.com/a/202606043760761561.html
博杰股份,上市公司,未知,经营风险,低,正面,0.85,无违规，但存在产能扩张带来的经营风险,机构自身,博杰股份拟募资15.03亿元用于扩产，深度绑定英伟达、谷歌，业绩高速增长，股价大涨，但需关注产能扩张后的市场需求变化。,0.9,NEWS_000120,http://finance.eastmoney.com/a/202606043760761396.html
格力电器,上市公司,广东,舆情风险,中,负面,-0.6,大股东珠海明骏减持股份，套现超16亿元，引发市场关注,机构自身,格力电器大股东珠海明骏通过大宗交易减持4279万股，套现约16.64亿元，持股比例下降，引发市场对其经营和股价的担忧。,0.85,NEWS_000121,http://finance.eastmoney.com/a/202606043760751953.html
唯特偶,上市公司,未知,信息披露风险,高,负面,-0.75,股价异动期间密集提及光模块等热点领域，但未披露关键经营数据，涉嫌信息披露不公平,机构自身、投资者权益,唯特偶因股价大幅上涨期间频繁路演提及光模块、先进封装等热点，但未披露具体销售数据，收到深交所关注函，要求说明是否存在信息披露违规。,0.92,NEWS_000122,http://finance.eastmoney.com/a/202606043760684250.html
华源控股,上市公司,未知,经营风险,中,负面,-0.65,股价短期波动较大，收购业务存在业绩波动、整合及商誉减值风险,机构自身,华源控股因股价连续两日涨幅偏离值超20%发布风险提示，指出收购的半导体业务贡献有限，存在业绩波动、整合及商誉减值风险，且间接投资宇树科技比例极小，不影响业绩。,0.9,NEWS_000123,http://finance.eastmoney.com/a/202606043760669840.html
五洋自控,上市公司,未知,经营风险,中,中性,0.0,收购标的估值增值率高达1969.09%，存在高估值风险；标的客户集中度超过90%，存在大客户依赖风险,机构自身,五洋自控拟以6.81亿元收购柯斯宇液冷51%股权，标的估值增值率1969%，客户集中度高，存在大客户依赖风险，但收购有助于切入液冷赛道并改善业绩。,0.85,NEWS_000124,http://finance.eastmoney.com/a/202606043760733171.html
格力电器,上市公司,广东,舆情风险,低,中性,-0.1,大股东减持股份，但属于已披露计划内，未违规,机构自身,格力电器公告称，持股5%以上股东珠海明骏通过大宗交易减持0.764%股份，减持在已披露计划范围内，不会对公司治理及经营产生重大影响。,0.9,NEWS_000125,http://finance.eastmoney.com/a/202606043760638688.html
拓山重工,上市公司,未知,舆情风险,中,负面,-0.6,控股股东及一致行动人计划减持公司股份，可能引发市场负面情绪,机构自身,拓山重工控股股东及一致行动人计划在3个月内减持不超过2.81%股份，可能对股价造成压力。,0.85,NEWS_000126,http://finance.eastmoney.com/a/202606043760629363.html
合肥城建,上市公司,未知,舆情风险,低,负面,-0.3,多位股东计划减持股份，可能引发市场负面情绪,机构自身,合肥城建公告，持股5%以上股东工投控股及董事、总经理王庆生拟减持公司股份，减持比例合计不超过总股本的1.0014%，减持期间为2026年6月29日至9月28日。,0.85,NEWS_000127,http://finance.eastmoney.com/a/202606043760618715.html
通富微电,上市公司,未知,合规风险,中,中性,0.0,向特定对象发行股票尚需证监会注册，存在不确定性,机构自身,通富微电向特定对象发行股票申请已获深交所审核通过，并提交注册稿，但尚需证监会同意注册，存在不确定性。,0.9,NEWS_000128,http://finance.eastmoney.com/a/202606043760615930.html
唯特偶,上市公司,未知,信息披露风险,高,负面,-0.75,股价异常波动期间频繁路演并提及热点领域，涉嫌信息披露不公平,机构自身、投资者权益,深交所向唯特偶下发关注函，指出公司股价涨幅较大且触及异常波动，期间频繁路演并提及光模块、先进封装等热点，要求说明相关业务细节及投资者关系活动合规性。,0.92,NEWS_000129,http://finance.eastmoney.com/a/202606043760609425.html
三博脑科,上市公司,未知,舆情风险,中,负面,-0.5,股东计划减持股份，可能引发市场负面解读,机构自身,三博脑科公告股东TBP计划减持不超过405.98万股，占总股本2%，可能对股价造成压力。,0.85,NEWS_000130,http://finance.eastmoney.com/a/202606043760600473.html
日联科技,上市公司,未知,经营风险,中,中性,0.0,收购标的业绩承诺较高，存在整合与业绩不达预期风险,机构自身,日联科技拟以9.36亿元收购菲莱测试100%股权，标的承诺2026-2028年净利润合计1.8亿元，交易不构成重大资产重组及关联交易。,0.85,NEWS_000131,http://finance.eastmoney.com/a/202606043760603442.html
德福科技,上市公司,未知,合规风险,低,负面,-0.3,持股5%以上股东减持股份，未完成减持计划，可能涉及信息披露或合规问题,机构自身,德福科技持股5%以上股东拓阵基金及其一致行动人通过大宗交易减持50万股，持股比例降至6.97%，减持计划尚未完成。,0.85,NEWS_000132,http://finance.eastmoney.com/a/202606043760603072.html
博杰股份,上市公司,未知,经营风险,中,正面,0.65,现有产线难以完全适配交付需求，产能不足制约业务扩张,机构自身,博杰股份拟募资15.03亿元用于服务器检测设备及散热模组产能建设等项目，以突破产能瓶颈，巩固竞争优势。,0.85,NEWS_000133,http://finance.eastmoney.com/a/202606043760597135.html
日月明,上市公司,未知,舆情风险,低,负面,-0.3,股东计划减持股份，可能引发市场负面情绪,机构自身,日月明公告称，持股1.75%的股东国金产业计划在3个月内减持不超1%股份，可能对股价造成一定压力。,0.9,NEWS_000134,http://finance.eastmoney.com/a/202606043760596260.html
拓新药业,上市公司,未知,舆情风险,低,负面,-0.3,持股5%以上股东计划减持2%股份，可能引发市场负面解读,机构自身,拓新药业公告称，持股5%以上股东安大略省公司计划在2026年6月至9月期间减持不超过2%股份，原因为自身资金需求。,0.9,NEWS_000135,http://finance.eastmoney.com/a/202606043760591535.html
初灵信息,上市公司,未知,舆情风险,中,负面,-0.5,控股股东因自身资金需求减持股份，可能引发市场对公司前景的担忧,机构自身,初灵信息控股股东洪爱金计划三个月内减持不超过2.9973%股份，原因为自身资金需求。,0.9,NEWS_000136,http://finance.eastmoney.com/a/202606043760591861.html
瑞联新材,上市公司,未知,舆情风险,中,负面,-0.45,多名股东及高管因自身资金需求计划减持合计不超过1.9454%股份,机构自身,瑞联新材部分股东及高管因资金需求计划减持合计不超过1.9454%股份，可能引发市场对公司前景的担忧。,0.85,NEWS_000137,http://finance.eastmoney.com/a/202606043760589933.html
万通发展,上市公司,未知,信息披露风险,中,负面,-0.3,芯片研发进度未达预期，可能影响投资者预期,机构自身,万通发展发布公告称PCIe6.0switch芯片尚在研发阶段，未投片，引发市场关注。,0.85,NEWS_000138,http://finance.eastmoney.com/a/202606043760582126.html
五洋自控,上市公司,江苏,经营风险,中,中性,0.0,收购交易对价较高，可能带来整合风险和资金压力,机构自身,五洋自控拟以约6.81亿元现金收购柯斯宇51%股份，交易金额较大，需关注后续整合及资金压力。,0.85,NEWS_000139,http://finance.eastmoney.com/a/202606043760579025.html
泰恩康,上市公司,未知,其他风险,低,正面,0.6,无违规，控股股东提议回购股份以维护公司价值,机构自身,泰恩康控股股东提议1亿至2亿元回购公司股份，用于维护公司价值及股东权益，回购价格上限不高于前三十个交易日均价150%，期限三个月。,0.9,NEWS_000140,http://finance.eastmoney.com/a/202606043760579566.html
上交所,其他,上海,合规风险,中,中性,0.0,券商交易单元管理不合规，存在为个别投资者提供特殊便利的风险,整个行业、客户权益,上交所要求券商自查交易单元，清理不合规配置，旨在公平对待投资者，减少交易不公平现象。,0.9,NEWS_000141,http://finance.eastmoney.com/a/202606043760574631.html
未知,其他,未知,其他风险,低,正面,0.6,两融新开户数同比大增，市场活跃度提升,整个行业,2026年5月A股两融新开15.33万户，同比大增72.83%，前5月累计增长53.06%，市场平均担保比例285.77%，显示市场信心增强。,0.9,NEWS_000142,http://stock.eastmoney.com/a/202606043760577984.html
华特气体,上市公司,未知,经营风险,中,负面,-0.65,氦气采购许可审批不确定，供应受限风险，产品价格下降,机构自身,华特气体公告称，俄罗斯对氦气出口实施许可限制，公司6月许可申请中，未来供应可能受限，同时氦气价格已从高位明显下降，存在经营风险。,0.85,NEWS_000143,http://finance.eastmoney.com/a/202606043760573685.html
*ST中迪,上市公司,未知,经营风险,中,中性,0.0,收购关联方未实缴出资的股权，交易价格为零，存在潜在利益输送风险,机构自身,*ST中迪拟以0元收购关联方持有的北京天微49%股权，该股权实缴出资为0元，交易完成后北京天微成为全资子公司。,0.85,NEWS_000144,http://finance.eastmoney.com/a/202606043760563219.html
甘肃上峰材料股份有限公司,上市公司,甘肃,其他风险,低,中性,0.0,公司更名及证券简称变更，无违规行为,机构自身,上峰水泥更名为上峰材料，证券简称自2026年6月5日起变更，证券代码不变，属于正常公司行为。,0.95,NEWS_000145,http://finance.eastmoney.com/a/202606043760560339.html
华源控股,上市公司,未知,舆情风险,中,负面,-0.3,股票连续涨停后澄清间接持有宇树科技比例极低，投资金额小，存在炒作风险,机构自身,华源控股因股票连续涨停发布公告，澄清间接持有宇树科技比例约0.003%，投资金额小，对公司业绩不产生重要影响，提示投资者注意风险。,0.9,NEWS_000146,http://finance.eastmoney.com/a/202606043760558248.html
悦心健康,上市公司,未知,经营风险,中,中性,0.0,收购后标的公司不纳入合并报表，可能影响公司控制权和经营整合,机构自身,悦心健康拟与上海斯米克有限公司共同收购斯米克健康科技75%股权，交易后悦心健康持有36%股权，标的公司成为参股公司，不纳入合并报表。,0.85,NEWS_000147,http://finance.eastmoney.com/a/202606043760552960.html
呈和科技,上市公司,未知,舆情风险,中,负面,-0.5,控股股东因自身资金需求计划减持2%股份，可能引发市场对公司前景的担忧,机构自身,呈和科技控股股东赵文林因资金需求计划减持不超过2%股份，减持期间为2026年6月29日至9月28日。,0.9,NEWS_000148,http://finance.eastmoney.com/a/202606043760552463.html
东材科技,上市公司,未知,合规风险,低,负面,-0.3,股票异动期间高管减持，但减持行为与计划一致且未违规,机构自身,东材科技发布公告，股票异动期间高管李文权、梁倩倩按此前披露计划减持，未违规。,0.9,NEWS_000149,http://finance.eastmoney.com/a/202606043760552826.html
东材科技,上市公司,未知,舆情风险,低,中性,0.0,董事因个人资金需求减持股份，比例较小，未涉及违规,机构自身,东材科技董事唐安斌计划减持不超0.2872%股份，因个人资金需求，减持比例较小，对股价影响有限。,0.85,NEWS_000150,http://finance.eastmoney.com/a/202606043760550224.html
瑞银证券,证券,未知,其他风险,低,正面,0.85,无违规，正面报道科创企业IPO占比提升,整个行业,瑞银证券董事长表示，今年科创企业在港股IPO发行规模占比达63%，市场呈现多元化融资态势，投资者关注度提升。,0.95,NEWS_000151,http://finance.eastmoney.com/a/202606043760549356.html
美诺华,上市公司,未知,经营风险,低,中性,0.0,定增募资用于项目建设及补充流动资金，属于正常融资行为,机构自身,美诺华拟定向增发募资不超过21.09亿元，用于高端制剂产业基地和研发项目及补充流动资金。,0.9,NEWS_000152,http://finance.eastmoney.com/a/202606043760545852.html
精达股份,上市公司,未知,舆情风险,中,负面,-0.5,持股5%以上股东计划减持不超过2%股份，可能引发市场负面解读,机构自身,精达股份公告持股5%以上股东华安财产保险计划减持不超2%股份，可能对股价产生压力。,0.9,NEWS_000153,http://finance.eastmoney.com/a/202606043760544881.html
鼎通科技,上市公司,未知,舆情风险,中,负面,-0.6,市场传闻过度乐观解读公司液冷业务，实际业务处于拓展初期且存在高度不确定性,机构自身,鼎通科技发布公告澄清，液冷业务处于拓展、小批量供货阶段，未来业绩存在高度不确定性，提示市场传闻过度乐观的风险。,0.85,NEWS_000154,http://finance.eastmoney.com/a/202606043760543290.html
东山精密,上市公司,未知,经营风险,中,负面,-0.5,子公司索尔思光电业绩存在不确定性，可能影响合并报表,机构自身,东山精密因股价异常波动发布公告，提示子公司索尔思光电业绩存在不确定性，该子公司利润占比高但受行业景气度影响。,0.9,NEWS_000155,http://finance.eastmoney.com/a/202606043760541632.html
精达股份,上市公司,未知,舆情风险,中,负面,-0.5,股东华安保险拟减持不超过2%股份，可能引发市场负面解读,机构自身,精达股份公告，持股9.08%的股东华安保险拟减持不超过2%股份，可能对股价产生压力。,0.9,NEWS_000156,http://finance.eastmoney.com/a/202606043760539637.html
共达电声,上市公司,浙江,经营风险,中,中性,0.0,收购标的估值溢价率高达535.33%，交易尚处筹划阶段存在不确定性,机构自身,共达电声拟以自筹资金增资浙江镝嘉取得不低于51%控制权，标的估值溢价率535.33%，交易存在不确定性。,0.85,NEWS_000157,http://finance.eastmoney.com/a/202606043760539935.html
中际旭创,上市公司,未知,其他风险,低,正面,0.85,无违规，股权激励计划归属条件成就，股价上涨带来高额收益,机构自身,中际旭创公告第三期和第四期限制性股票激励计划归属条件成就，涉及803名员工，股票市值合计约18.95亿元，公司股价年内上涨超110%，业绩大幅增长。,0.95,NEWS_000158,http://finance.eastmoney.com/a/202606043760535723.html
镇海股份,上市公司,未知,市场操纵风险,高,负面,-0.7,股票连续三个交易日收盘价格跌幅偏离值累计超过20%，属于股票交易异常波动,机构自身、投资者权益,镇海股份因股价异常波动，控股股东拟公开征集转让15%股份，可能涉及市场操纵风险。,0.85,NEWS_000159,http://finance.eastmoney.com/a/202606043760536866.html
中核科技,上市公司,未知,其他风险,低,正面,0.6,控股股东增持股份，显示对公司信心，无违规行为,机构自身,中核科技控股股东中核工程计划增持公司股份，金额2000万至4000万元，比例不超过总股本1%，体现对公司发展的支持。,0.9,NEWS_000160,http://finance.eastmoney.com/a/202606043760536093.html
宏达电子,上市公司,未知,经营风险,中,负面,-0.65,民用MLCC业务规模极小，业务推广存在不确定性，高可靠业务受宏观环境影响,机构自身,宏达电子发布公告澄清民用MLCC业务规模极小，对公司业绩影响有限，同时提示高可靠业务受宏观环境影响，需求可能不及预期，提醒投资者注意风险。,0.9,NEWS_000161,http://finance.eastmoney.com/a/202606043760535658.html
嘉美包装,上市公司,未知,其他风险,低,中性,0.0,要约收购完成，股权结构变化但符合上市条件，无违规行为,机构自身,嘉美包装公告称，逐越鸿智要约收购完成，持股45.01%，公司股权分布仍符合上市条件，股票将于6月5日复牌。,0.9,NEWS_000162,http://finance.eastmoney.com/a/202606043760533494.html
康隆达,上市公司,未知,舆情风险,中,负面,-0.5,持股5%以上股东因自身资金需求拟减持不超过3%股份，可能引发市场对公司前景的担忧,机构自身,康隆达公告持股5%以上股东裕昊创投因资金需求拟减持不超过3%股份，减持计划可能对股价造成压力，引发市场负面情绪。,0.85,NEWS_000163,http://finance.eastmoney.com/a/202606043760529766.html
新华网,上市公司,北京,经营风险,低,中性,0.0,投资建设新项目，涉及大额资金投入，但未提及违规行为,机构自身,新华网拟投资11.22亿元建设新华语典项目，资金来源于募集资金变更及自有资金，项目尚在规划阶段。,0.9,NEWS_000164,http://finance.eastmoney.com/a/202606043760525014.html
京东方A,上市公司,未知,经营风险,中,中性,0.0,2026年终端需求承压，柔性AMOLED增长放缓，但高端产品占比提升及新产线量产带来机遇,机构自身、整个行业,京东方A公告显示，2026年终端需求承压，柔性AMOLED增长放缓，但高端产品占比提升，第8.6代OLED产线量产将提升车载与IT渗透率。,0.85,NEWS_000165,http://finance.eastmoney.com/a/202606043760524279.html
ST人福,上市公司,未知,经营风险,中,中性,0.0,挂牌转让子公司股权，预计影响当期损益约5亿元,机构自身,ST人福拟以不低于10.56亿元挂牌转让乐福思16.34%股权，预计影响当期损益约5亿元，交易后不再持有乐福思股权。,0.85,NEWS_000166,http://finance.eastmoney.com/a/202606043760522916.html
艾德生物,上市公司,未知,其他风险,中,中性,0.0,控制权变更尚需审批，存在不确定性,机构自身,艾德生物公告控股股东拟向国药集团转让20%股份，控制权将变更，股票复牌，交易尚需审批。,0.9,NEWS_000167,http://finance.eastmoney.com/a/202606043760518578.html
模塑科技,上市公司,未知,经营风险,低,中性,0.0,机器人外覆盖件订单金额占比极低，对经营业绩影响极小,机构自身,模塑科技公告称仅获得机器人外覆盖件小批量采购订单，金额占比不足0.1%，对公司经营业绩影响极小，提醒投资者理性投资。,0.95,NEWS_000168,http://finance.eastmoney.com/a/202606043760517122.html
中重科技,上市公司,未知,其他风险,低,中性,0.0,公司发布异动公告，澄清主营业务未发生变化，无违规行为,机构自身,中重科技发布异动公告，说明主营业务未发生变化，全部营业收入来自冶金智能装备主业，无风险事件。,0.95,NEWS_000169,http://finance.eastmoney.com/a/202606043760514770.html
鑫科材料,上市公司,未知,信息披露风险,中,负面,-0.6,高速铜连接项目尚未投产却引发市场关注，存在信息披露不充分风险,机构自身、投资者权益,鑫科材料因股价异常波动发布公告，澄清其高速铜连接项目尚未投产且未产生收入，参股公司项目不纳入合并报表，提示投资者注意风险。,0.85,NEWS_000170,http://finance.eastmoney.com/a/202606043760515919.html
华大智造,上市公司,未知,其他风险,低,正面,0.6,无违规，控股股东提议回购股份用于员工持股或股权激励,机构自身,华大智造控股股东提议公司以2.5亿至5亿元回购股份，用于员工持股计划或股权激励，显示对公司信心。,0.9,NEWS_000171,http://finance.eastmoney.com/a/202606043760507171.html
天洋新材,上市公司,未知,信息披露风险,低,中性,0.0,股票交易异常波动，公司澄清新开发产品营收占比极低且存在不确定性,机构自身,天洋新材因连续涨停发布异动公告，说明其半导体相关光模块胶水产品营收占比不足1%，对业绩无重大影响，且存在供货不确定性。,0.9,NEWS_000172,http://finance.eastmoney.com/a/202606043760507387.html
江海股份,上市公司,未知,信息披露风险,中,负面,-0.5,股票交易异常波动公告中澄清无MLCC业务，但此前市场传闻可能引发误导,机构自身、投资者权益,江海股份发布公告澄清无MLCC业务，并提示超级电容、MLPC业务规模小，下游需求受宏观环境影响，存在不确定性，提醒投资者注意风险。,0.85,NEWS_000173,http://finance.eastmoney.com/a/202606043760506030.html
先锋精科,上市公司,未知,其他风险,低,正面,0.6,可转债发行申请获通过，无违规风险,机构自身,先锋精科向不特定对象发行可转债的申请获上交所审议通过，符合发行条件、上市条件和信息披露要求。,0.9,NEWS_000174,http://finance.eastmoney.com/a/202606043760498874.html
上海石化,上市公司,上海,舆情风险,低,中性,0.0,市场对T1000级高性能碳纤维过度关注，但该产品尚未形成销售收入且占比低,机构自身,上海石化发布异动公告，说明T1000级高性能碳纤维尚未形成销售收入，预计后续收入占比低，不会对主营业务和盈利水平构成重大影响。,0.9,NEWS_000175,http://finance.eastmoney.com/a/202606043760498619.html
永鼎股份,上市公司,未知,舆情风险,低,中性,0.0,公司发布异动公告，提示市场关注光纤光缆价格波动，但未涉及违规行为,机构自身,永鼎股份发布异动公告，回应市场对光纤光缆产品需求及价格波动的关注，称行业环境正常，需综合判断影响，并提示投资风险。,0.9,NEWS_000176,http://finance.eastmoney.com/a/202606043760497198.html
云涌科技,上市公司,未知,舆情风险,低,负面,-0.3,股东计划减持股份，可能引发市场负面情绪,机构自身,云涌科技持股6.05%的股东张奎计划减持不超过1.16%股份，可能对股价产生一定压力。,0.9,NEWS_000177,http://finance.eastmoney.com/a/202606043760496386.html
长飞光纤,上市公司,未知,市场操纵风险,中,中性,0.0,股票交易异常波动，但公司自查后确认不存在应披露而未披露的重大信息,机构自身,长飞光纤因连续三个交易日收盘价格涨幅偏离值累计超过20%发布异常波动公告，经自查不存在应披露而未披露的重大事项，但提示产品价格波动风险。,0.85,NEWS_000178,http://finance.eastmoney.com/a/202606043760495580.html
江苏有线,上市公司,未知,其他风险,低,中性,0.0,无违规行为，仅为战略投资调整,机构自身,江苏有线拟追加投资常熟银行至不超过4.5%股份，总投资金额不超过12亿元，旨在优化资产配置，深化银企合作。,0.95,NEWS_000179,http://finance.eastmoney.com/a/202606043760488218.html
通鼎互联,上市公司,广东,经营风险,低,正面,0.3,无违规，项目进展顺利,机构自身,通鼎互联年产600吨光棒及2000万芯公里光纤项目取得进展，项目公司及运营公司完成工商登记，注册资本分别为8亿元和1亿元。,0.9,NEWS_000180,http://finance.eastmoney.com/a/202606043760455965.html
珠海泰诺麦博制药股份有限公司,上市公司,广东,其他风险,低,正面,0.6,无违规，IPO注册获批,机构自身,证监会同意泰诺麦博制药科创板IPO注册，公司上市进程取得进展。,0.9,NEWS_000181,http://finance.eastmoney.com/a/202606043760453860.html
亨通光电,上市公司,江苏,经营风险,低,正面,0.85,无违规，主要描述公司受益于AI需求增长，光棒产能优势及双引擎战略,机构自身,亨通光电受益于AI数据中心需求，光纤光缆价格大涨，公司光棒产能领先，并布局算力网络和能源互联双引擎，业绩增长显著。,0.9,NEWS_000182,http://finance.eastmoney.com/a/202606043760446395.html
中交地产,上市公司,未知,舆情风险,中,负面,-0.5,董事长因个人原因辞职，可能影响公司治理稳定性,机构自身,中交地产董事长王尧因个人原因辞职，不再担任公司任何职务，可能引发市场对公司治理的担忧。,0.85,NEWS_000183,http://finance.eastmoney.com/a/202606043760442976.html
上海证券交易所,其他,上海,合规风险,中,负面,-0.65,券商被要求自查交易单元，严禁为个别投资者提供特殊便利，防止交易不公平,整个行业、客户权益,上交所要求券商即刻启动交易单元全面自查，严禁为个别投资者提供特殊便利，存量不合规配置须在3个月内整改，旨在维护交易公平，保护中小投资者权益。,0.92,NEWS_000184,http://finance.eastmoney.com/a/202606043760426563.html
洁美科技,上市公司,未知,其他风险,低,正面,0.6,无违规，异动公告说明经营情况稳定，新材料放量,机构自身,洁美科技发布异动公告，说明主营业务经营稳定，电子级薄膜材料处于放量期，2025年该业务营收2.60亿元，占比12.37%。,0.9,NEWS_000185,http://finance.eastmoney.com/a/202606043760421887.html
湖北宜化,上市公司,未知,合规风险,低,正面,0.3,获得证监会同意注册批复，无违规行为,机构自身,湖北宜化向不特定对象发行可转债申请获证监会同意注册批复，属于正常融资进展。,0.9,NEWS_000186,http://finance.eastmoney.com/a/202606043760381228.html
鲁信创投,上市公司,山东,信息披露风险,低,中性,0.0,投资者询问持股比例，公司正常披露，无违规行为,机构自身,鲁信创投在互动平台披露其子公司及参股基金合计持有宏科电子3.16%股份，属于正常信息披露，无风险事件。,0.95,NEWS_000187,http://finance.eastmoney.com/a/202606043760380838.html
鼎通科技,上市公司,未知,经营风险,低,正面,0.7,无违规，正常扩产计划,机构自身,鼎通科技表示今年共规划5条液冷产线，目前已有2条运行中，正有序扩产。,0.9,NEWS_000188,http://finance.eastmoney.com/a/202606043760380111.html
沪电股份,上市公司,未知,舆情风险,中,正面,0.85,市场传言获AI巨头订单，公司未确认具体客户信息，但订单充足预期推动股价大涨,机构自身,沪电股份因市场传言获AI巨头订单，股价涨停，公司回应订单充足至2027年，但未确认具体客户，存在舆情风险。,0.75,NEWS_000189,http://finance.eastmoney.com/a/202606043760377330.html
金马游乐,上市公司,未知,经营风险,低,正面,0.3,无违规，增资扩股显示公司资本实力增强,机构自身,金马游乐注册资本由约1.6亿增至约2.2亿，增幅40%，显示公司资本实力增强，经营状况良好。,0.9,NEWS_000190,http://finance.eastmoney.com/a/202606083763498195.html
欣旺达,上市公司,海南,经营风险,低,中性,0.0,新设子公司，正常业务拓展，无违规行为,机构自身,欣旺达通过旗下子公司在海南成立能源服务公司，经营范围包括充电桩销售等，属于正常业务布局。,0.95,NEWS_000191,http://finance.eastmoney.com/a/202606083763495152.html
瑞典北欧斯安银行,银行,未知,其他风险,中,中性,0.0,预测欧洲央行加息，能源价格上涨带来通胀风险,机构自身,瑞典北欧斯安银行预测欧洲央行可能加息25个基点，以应对能源价格上涨带来的通胀风险。,0.9,NEWS_000192,http://finance.eastmoney.com/a/202606083763495281.html
国际航空运输协会,其他,未知,经营风险,中,负面,-0.6,SAF产量远低于目标，政策与市场激励不足,整个行业,国际航协预计2026年全球SAF产量仅占航空燃料总用量的0.8%，远低于2050年满足65%需求的目标，主要因政策缺乏统筹和石油公司兴趣不足。,0.85,NEWS_000193,http://finance.eastmoney.com/a/202606083763493787.html
奇瑞汽车,上市公司,未知,合规风险,低,正面,0.6,文本未提及违规，但双方探讨了合规性议题，表明对合规的重视,机构自身,奇瑞汽车副总裁访问保隆科技欧洲制造中心，探讨产品供应和合规性，推动欧洲合作。,0.9,NEWS_000194,http://finance.eastmoney.com/a/202606083763488711.html
韩国KOSDAQ市场,其他,未知,其他风险,中,中性,0.0,因触发熔断机制导致交易暂停,整个行业,韩国KOSDAQ市场因触发熔断机制暂停交易后恢复，事件影响市场运行。,0.85,NEWS_000195,http://finance.eastmoney.com/a/202606083763477790.html
怡亚通,上市公司,广东,信息披露风险,高,负面,-0.85,发布与英特尔合作消息后股价涨停，但随后补发公告澄清无业务合作，存在信息披露不准确、不完整，误导投资者,机构自身、投资者权益,怡亚通在微信公众号发布成为英特尔2026解决方案聚合商的消息后股价涨停，但随后补发公告称与英特尔无业务合作，且该资质非独家，对业绩影响小。公司股价随后大跌，业绩由盈转亏，资产负债率高企。,0.92,NEWS_000196,http://finance.eastmoney.com/a/202606083763473821.html
山东墨龙,上市公司,未知,舆情风险,低,正面,0.65,股价因油价上涨和地缘政治事件大幅上涨，但无违规行为,机构自身,石油概念港股逆势走强，山东墨龙涨28%，百勤油服涨9%，中国海洋石油涨2%，受伊朗石化公司遭空袭影响，布伦特原油涨超5%。,0.85,NEWS_000197,http://finance.eastmoney.com/a/202606083763474554.html
山东墨龙,上市公司,未知,经营风险,低,中性,0.0,新设公司涉及海洋石油开采等高风险业务，但无违规行为,机构自身,山东墨龙全资持股成立石油科技公司，经营范围包括海洋石油开采等，属于正常业务拓展。,0.9,NEWS_000198,http://finance.eastmoney.com/a/202606083763421528.html
韩国KOSDAQ指数,其他,未知,市场操纵风险,高,负面,-0.85,指数暴跌8%触发熔断，市场恐慌情绪蔓延,整个行业,韩国KOSDAQ指数暴跌8%，触发熔断机制，市场出现恐慌性抛售。,0.9,NEWS_000199,http://stock.eastmoney.com/a/202606083763377157.html
凯瑞德,上市公司,未知,其他风险,低,中性,0.0,无违规行为，仅为正常业务拓展,机构自身,凯瑞德等共同持股成立中科智寻开矿科技（喀什）有限公司，业务涉及AI及卫星遥感，属于正常投资活动。,0.9,NEWS_000200,http://finance.eastmoney.com/a/202606083763360087.html
