entity_name,entity_type,region,event_count,total_penalty_amount,avg_risk_score,risk_level
国家医保局基金监管司有关负责人就约谈一心堂药业集团股份有限公司,pharma,unknown,1,0,54.8,medium
国家医保局基金监管司约谈一心堂药业集团股份有限公司,pharma,unknown,1,0,54.8,medium
积水潭等四家国家级医院,hospital,山西,1,0,54.8,medium
上榜2024年度中医药,other,unknown,1,0,45.0,medium
与华中科技大学同济医学院附属同济医院,hospital,unknown,1,0,45.0,medium
江苏省南通市启东市中医院,hospital,江苏,1,0,45.0,medium
长沙市中心医院,hospital,unknown,1,0,45.0,medium
上海乐仓医疗等4起医疗器械,device_company,上海,1,0,44.8,medium
但一些代驾服务平台,health_platform,unknown,1,0,44.8,medium
全国电视频道全面清除虚假宣传医药,other,unknown,1,0,44.8,medium
国务院安委会办公室联合三部委约谈中国交通建设集团有限公司和中国电力建设集团有限公司,other,unknown,1,0,44.8,medium
国家医保局在全国范围内组织开展2026年定点医药,other,unknown,1,0,44.8,medium
国家医疗保障局关于开展2025年定点医药,other,unknown,1,0,44.8,medium
广州合和医药,pharma,unknown,1,0,44.8,medium
物业公司,other,unknown,1,0,44.8,medium
若非医院,hospital,unknown,1,0,44.8,medium
齐鲁医院,hospital,山东,4,0,40.0,medium
网络平台,health_platform,unknown,2,0,39.8,medium
中国中医科学院西苑医院,hospital,unknown,18,0,35.0,medium
中国医学科学院阜外医院,hospital,unknown,8,0,35.0,medium
北京大学首钢医院,hospital,北京,7,0,35.0,medium
清华大学北京清华长庚医院,hospital,北京,7,0,35.0,medium
北京协和医院,hospital,北京,6,0,35.0,medium
有的地方通过国企出巨资收购省外上市公司,other,unknown,2,0,35.0,medium
某些社交平台,health_platform,unknown,2,0,34.8,medium
一些个人和劳务中介公司,other,unknown,1,0,34.8,medium
一些平台,health_platform,unknown,1,0,34.8,medium
中日友好医院,hospital,unknown,1,0,34.8,medium
受到伤害的2岁女童仍在当地医院,hospital,unknown,1,0,34.8,medium
商业平台,health_platform,unknown,1,0,34.8,medium
国家要求矿山修复产生的剩余土石料应进入公共平台,health_platform,福建,1,0,34.8,medium
在各大短视频平台,health_platform,unknown,1,0,34.8,medium
对于那些履责不力的平台,health_platform,天津,1,0,34.8,medium
山西吕梁南高速公路管理有限公司,other,山西,1,0,34.8,medium
新华网视评丨平台,health_platform,unknown,1,0,34.8,medium
无论是在黄河湿地国家级自然保护区内擅自建设钢结构木质平台,health_platform,unknown,1,0,34.8,medium
有关网络平台,health_platform,unknown,1,0,34.8,medium
某些商业平台,health_platform,unknown,1,0,34.8,medium
某新能源有限公司,other,unknown,1,0,34.8,medium
氢氟酸在部分电商平台,health_platform,unknown,1,0,34.8,medium
江西的唐先生将身患重症的孩子从省儿童医院,hospital,unknown,1,0,34.8,medium
海南省三亚市卫健委,other,unknown,1,0,34.8,medium
环保科技公司,other,unknown,1,0,34.8,medium
第三方平台,health_platform,unknown,1,0,34.8,medium
而是由经开区城投公司,other,unknown,1,0,34.8,medium
行业协会也要承担起赛事指导与平台,health_platform,unknown,1,0,34.8,medium
该微短剧已在短视频平台,health_platform,unknown,1,0,34.8,medium
这些公司,other,unknown,1,0,34.8,medium
部分平台,health_platform,unknown,1,0,34.8,medium
限于在该公司,other,unknown,1,0,34.8,medium
北京中医药大学东直门医院,hospital,北京,5,0,30.0,low
广东省中医院,hospital,广东,5,0,30.0,low
中国中医科学院广安门医院,hospital,unknown,4,0,30.0,low
北京儿童医院顺义妇儿医院,hospital,北京,4,0,30.0,low
以岭药业,pharma,澳门,3,0,30.0,low
解放军总医院,hospital,unknown,3,0,30.0,low
首都医科大学附属北京中医医院,hospital,北京,3,0,30.0,low
首都医科大学附属北京朝阳医院,hospital,北京,3,0,30.0,low
上海市东方医院,hospital,上海,2,0,25.0,low
严控非医药,other,unknown,2,0,25.0,low
中国医学科学院肿瘤医院,hospital,广西,2,0,25.0,low
中山大学附属第七医院,hospital,unknown,2,0,25.0,low
北京中医药大学东方医院,hospital,北京,2,0,25.0,low
北京儿童医院,hospital,北京,2,0,25.0,low
北京四惠中医医院,hospital,北京,2,0,25.0,low
北京市大兴区人民医院,hospital,北京,2,0,25.0,low
华泰制药,pharma,unknown,2,0,25.0,low
国家中医药,other,unknown,2,0,25.0,low
国家平台,health_platform,unknown,2,0,25.0,low
天津医科大学肿瘤医院,hospital,天津,2,0,25.0,low
央广网与齐鲁制药,pharma,unknown,2,0,25.0,low
央广网记者采访了北京协和医院,hospital,北京,2,0,25.0,low
实现中国医药,other,unknown,2,0,25.0,low
有相关困扰建议前往正规医院,hospital,unknown,2,0,25.0,low
浙江大学医学院附属儿童医院,hospital,浙江,2,0,25.0,low
特别邀请苏州市眼视光医院,hospital,北京,2,0,25.0,low
的乡镇卫生院和社区卫生服务中心能够提供中医药,other,unknown,2,0,25.0,low
记者采访了清华大学北京清华长庚医院,hospital,北京,2,0,25.0,low
还对创新儿童中医药,other,unknown,2,0,25.0,low
邀请首都医科大学附属北京朝阳医院,hospital,北京,2,0,25.0,low
郑州大学第一附属医院,hospital,unknown,2,0,25.0,low
齐鲁制药,pharma,unknown,2,0,25.0,low
2025年CBCS乳腺癌诊疗指南和技术规范县域行走进江西省丰城市人民医院,hospital,江西,1,0,25.0,low
6万家医药,other,unknown,1,0,25.0,low
一起和西安市人民医院,hospital,unknown,1,0,25.0,low
上海天佑医院,hospital,上海,1,0,25.0,low
不少年轻人在社交平台,hospital,unknown,1,0,25.0,low
世界献血者日丨解放军总医院,hospital,unknown,1,0,25.0,low
东莞市松山湖中心医院,hospital,unknown,1,0,25.0,low
中国中医科学院西苑医院山西医院,hospital,山西,1,0,25.0,low
中国医药,other,unknown,1,0,25.0,low
中山大学附属第一医院,hospital,unknown,1,0,25.0,low
中山大学附属第三医院,hospital,unknown,1,0,25.0,low
乳腺癌诊疗指南和技术规范县域行走进福建省上杭县医院,hospital,福建,1,0,25.0,low
云南沃森生物技术股份有限公司,other,云南,1,0,25.0,low
京都儿童医院,hospital,unknown,1,0,25.0,low
仁和药业,pharma,江西,1,0,25.0,low
会议由中国研究型医院,hospital,北京,1,0,25.0,low
但首都医科大学附属北京朝阳医院,hospital,北京,1,0,25.0,low
作为中国领先的科技型一站式平台,health_platform,北京,1,0,25.0,low
便捷支付让群众和医院,hospital,天津,1,0,25.0,low
健康行动携手北京四惠西区医院,hospital,北京,1,0,25.0,low
全国儿童医疗健康宣传平台,health_platform,unknown,1,0,25.0,low
全省医疗机构疾病诊疗情况统计结果及全省急性呼吸道感染性疾病哨点医院,hospital,unknown,1,0,25.0,low
公立医院,hospital,云南,1,0,25.0,low
关于全面深化药品医疗器械监管改革促进医药,device_company,unknown,1,0,25.0,low
关于印发2026年纠正医药,other,unknown,1,0,25.0,low
再一次彰显出微博作为具备广泛影响力的社交媒体平台,health_platform,上海,1,0,25.0,low
凸显公司,other,unknown,1,0,25.0,low
创新中医器具亮相北京中医药,other,北京,1,0,25.0,low
助力中医药,other,unknown,1,0,25.0,low
助力医药,other,广东,1,0,25.0,low
助力打造北京生物医药,other,北京,1,0,25.0,low
北京200多家医院,hospital,北京,1,0,25.0,low
北京世纪坛医院,hospital,北京,1,0,25.0,low
北京医院,hospital,北京,1,0,25.0,low
北京同仁医院,hospital,北京,1,0,25.0,low
北京地区网站联合辟谣平台,health_platform,北京,1,0,25.0,low
北京地坛医院,hospital,北京,1,0,25.0,low
北京大学国际医院,hospital,北京,1,0,25.0,low
北京大学第一医院,hospital,北京,1,0,25.0,low
北京大学第六医院,hospital,北京,1,0,25.0,low
北京天坛医院,hospital,北京,1,0,25.0,low
北京市海淀医院,hospital,北京,1,0,25.0,low
北京市第一中西医结合医院,hospital,北京,1,0,25.0,low
北京幸福滋味科技有限公司,other,北京,1,0,25.0,low
北京朝阳门中西医结合医院,hospital,北京,1,0,25.0,low
北京积水潭医院,hospital,北京,1,0,25.0,low
北大肿瘤医院,hospital,unknown,1,0,25.0,low
医保硬核举措护航创新医药,other,天津,1,0,25.0,low
医保药品耗材追溯信息采集平台,health_platform,unknown,1,0,25.0,low
医疗保障定点医药,other,unknown,1,0,25.0,low
华中科技大学同济医学院附属同济医院,hospital,unknown,1,0,25.0,low
协和医院,hospital,unknown,1,0,25.0,low
南京医科大学附属儿童医院,hospital,unknown,1,0,25.0,low
南京市儿童医院,hospital,unknown,1,0,25.0,low
可以生产提供全类型医药,hospital,unknown,1,0,25.0,low
可到医院,hospital,unknown,1,0,25.0,low
可查询您在省内医保定点医院,hospital,贵州,1,0,25.0,low
可通过首儿所互联网医院,hospital,unknown,1,0,25.0,low
同济医院,hospital,unknown,1,0,25.0,low
名医辟谣平台,health_platform,unknown,1,0,25.0,low
国产单孔腔镜手术机器人入驻北京大学首钢医院,hospital,北京,1,0,25.0,low
国家医保局医药,other,unknown,1,0,25.0,low
国家医疗保障局办公室关于编发各地医保部门落实定点医药,other,unknown,1,0,25.0,low
国家医疗保障局办公室关于进一步完善医药,other,unknown,1,0,25.0,low
国家卫生健康委发布新版三级医院,hospital,unknown,1,0,25.0,low
国家卫生健康委员会关于完善医药,other,unknown,1,0,25.0,low
国科离子公司,other,重庆,1,0,25.0,low
在中医药,pharma,unknown,1,0,25.0,low
在深化以公益性为导向的公立医院,hospital,云南,1,0,25.0,low
壹博医院,hospital,unknown,1,0,25.0,low
天津海河乳品有限公司,other,天津,1,0,25.0,low
央广网记者采访了北京佑安医院,hospital,北京,1,0,25.0,low
央广网记者采访了清华大学北京清华长庚医院,hospital,北京,1,0,25.0,low
宣武医院,hospital,unknown,1,0,25.0,low
家门口医院,hospital,unknown,1,0,25.0,low
对孩子身高充满焦虑的李女士在电商平台,health_platform,unknown,1,0,25.0,low
山东省中医院,hospital,山东,1,0,25.0,low
山东省肿瘤医院,hospital,山东,1,0,25.0,low
山西省中医院,hospital,山西,1,0,25.0,low
已经提供儿科服务的4万家乡镇卫生院,other,unknown,1,0,25.0,low
帮助还没有完成儿科设置的医院,hospital,unknown,1,0,25.0,low
广东医科大学附属东莞松山湖中心医院,hospital,广东,1,0,25.0,low
广东省中医院芳村医院,hospital,广东,1,0,25.0,low
广州中医药,hospital,unknown,1,0,25.0,low
广州医科大学附属第二医院,hospital,unknown,1,0,25.0,low
广西医保影像云就已覆盖绝大部分三级医院,hospital,广西,1,0,25.0,low
应急总医院,hospital,unknown,1,0,25.0,low
开幕式由福建省肿瘤医院,hospital,福建,1,0,25.0,low
我国中医药,other,unknown,1,0,25.0,low
我国高度重视中医药,other,unknown,1,0,25.0,low
扬子江药业,pharma,江苏,1,0,25.0,low
探讨孔子思想与中医药,other,unknown,1,0,25.0,low
数智赋能定点医药,other,unknown,1,0,25.0,low
智同生物以创新制药,pharma,北京,1,0,25.0,low
智能技术的引入正在全维度重塑中医药,other,unknown,1,0,25.0,low
最近医院,hospital,unknown,1,0,25.0,low
标志着中国乳制品与中医药,other,unknown,1,0,25.0,low
江苏大学附属医院,hospital,江苏,1,0,25.0,low
江苏省南通市启东市妇幼保健院在国家儿童医学中心复旦大学附属儿科医院,hospital,江苏,1,0,25.0,low
河北以岭医院,hospital,河北,1,0,25.0,low
河北大学附属医院,hospital,山东,1,0,25.0,low
河南省肿瘤医院,hospital,天津,1,0,25.0,low
浙江大学医学院附属第一医院,hospital,浙江,1,0,25.0,low
浙江大学医学院附属第二医院,hospital,浙江,1,0,25.0,low
清华大学第一附属医院,hospital,unknown,1,0,25.0,low
清华长庚落成临床医学科技创新平台,hospital,北京,1,0,25.0,low
湖南省人民医院,hospital,湖南,1,0,25.0,low
湖南省第二人民医院,hospital,湖南,1,0,25.0,low
瑞金医院,hospital,unknown,1,0,25.0,low
由中山七院主办的首都医科大学附属北京积水潭医院,hospital,北京,1,0,25.0,low
由北京市卫生健康委员会和北京市中医药,other,北京,1,0,25.0,low
的滴眼液在多地医院,hospital,unknown,1,0,25.0,low
眼科医院,hospital,天津,1,0,25.0,low
知名教育从业者张雪峰在公司,hospital,unknown,1,0,25.0,low
第五届中医药,other,unknown,1,0,25.0,low
第十一批国家组织药品集中带量采购中标结果已在各地各级公立医院,hospital,unknown,1,0,25.0,low
第十六届中医药,other,浙江,1,0,25.0,low
精医和生医药,other,北京,1,0,25.0,low
美团医药,other,unknown,1,0,25.0,low
而要善于用现代医学语言讲好中医药,other,unknown,1,0,25.0,low
航天中心医院,hospital,unknown,1,0,25.0,low
苏州峰学蔚来教育科技有限公司,hospital,unknown,1,0,25.0,low
被送医院,hospital,unknown,1,0,25.0,low
西安交通大学第二附属医院,hospital,unknown,1,0,25.0,low
西苑医院,hospital,unknown,1,0,25.0,low
西苑医院与德州市中医院,hospital,unknown,1,0,25.0,low
要充分发挥中医药,other,unknown,1,0,25.0,low
让更多的学校以此为平台,health_platform,青海,1,0,25.0,low
访北京安贞医院,hospital,北京,1,0,25.0,low
该项目将联合国家口腔医学中心在内的多家口腔医院,hospital,unknown,1,0,25.0,low
超百家医院,hospital,广东,1,0,25.0,low
轻松健康集团联合运动平台,hospital,北京,1,0,25.0,low
这标志着医院,hospital,安徽,1,0,25.0,low
邀请北京安贞医院,hospital,北京,1,0,25.0,low
阜外医院,hospital,unknown,1,0,25.0,low
雪地骑马视频又在社交平台,hospital,unknown,1,0,25.0,low
首个AI纳米递送平台,pharma,unknown,1,0,25.0,low
首都医科大学宣武医院,hospital,unknown,1,0,25.0,low
首都医科大学附属儿童医院顺义妇儿医院,hospital,unknown,1,0,25.0,low
首都医科大学附属北京友谊医院,hospital,北京,1,0,25.0,low
首都医科大学附属北京天坛医院,hospital,北京,1,0,25.0,low
首都医科大学附属北京潞河医院,hospital,北京,1,0,25.0,low
首都医科大学附属北京积水潭医院,hospital,北京,1,0,25.0,low
中国互联网联合辟谣平台,health_platform,unknown,2,0,24.9,low
北京中医药,other,北京,2,0,20.0,low
不少高校学生在社交平台,health_platform,unknown,2,0,15.0,low
中国许多城市浪漫景观在海外社交平台,health_platform,unknown,1,0,15.0,low
丰盈平台,health_platform,unknown,1,0,15.0,low
互联网平台,health_platform,unknown,1,0,15.0,low
但在热衷网红打卡的游客和追逐爆款的平台,health_platform,unknown,1,0,15.0,low
再加上社交平台,health_platform,unknown,1,0,15.0,low
冷链物流与电商平台,health_platform,unknown,1,0,15.0,low
各大社交平台,health_platform,甘肃,1,0,15.0,low
后由138家中国本土动画公司,other,unknown,1,0,15.0,low
在一些医院,hospital,unknown,1,0,15.0,low
在某平台,health_platform,unknown,1,0,15.0,low
在海外的社交平台,health_platform,unknown,1,0,15.0,low
在短视频平台,health_platform,unknown,1,0,15.0,low
夜校也给相关技能提供了广阔的展示平台,health_platform,unknown,1,0,15.0,low
工业和信息化部网络安全威胁和漏洞信息共享平台,health_platform,unknown,1,0,15.0,low
市场监管部门披露了外卖平台,health_platform,unknown,1,0,15.0,low
建言献策的公共平台,health_platform,unknown,1,0,15.0,low
很多认识或不认识石智勇的网友纷纷在石智勇社交平台,health_platform,unknown,1,0,15.0,low
据某旅游平台,health_platform,unknown,1,0,15.0,low
有视频平台,health_platform,unknown,1,0,15.0,low
李云霄也火遍各大社交媒体平台,health_platform,unknown,1,0,15.0,low
来自某旅游平台,health_platform,unknown,1,0,15.0,low
浙江杭州一则短视频火遍各大平台,health_platform,unknown,1,0,15.0,low
特别是一些美景和特色活动在短视频平台,health_platform,unknown,1,0,15.0,low
网传视频系青岛啤酒外包公司,other,山东,1,0,15.0,low
让非遗传播创新平台,health_platform,unknown,1,0,15.0,low
记者在电商平台,health_platform,unknown,1,0,15.0,low
该燃气公司,other,unknown,1,0,15.0,low
谁给物业公司,other,unknown,1,0,15.0,low
近日山东一名重症患者贾萍因医院,hospital,unknown,1,0,15.0,low
这家环境管理公司,other,unknown,1,0,15.0,low
通过各类线上平台,health_platform,unknown,1,0,15.0,low
通过这样老龄文化平台,health_platform,unknown,1,0,15.0,low
