record_id,source_type,source,title,event_date,entity_name,raw_text,penalty_amount,agency,region,url
REG_000001,regulation,国家医保局-医保动态,中央第八巡视组巡视国家医疗保障局党组工作动员会召开,2026-04-14,,"国家医保局-医保动态 中央第八巡视组巡视国家医疗保障局党组工作动员会召开
国家医保局-医保动态 中央第八巡视组巡视国家医疗保障局党组工作动员会召开",0,国家医疗保障局,,https://www.nhsa.gov.cn/art/2026/4/14/art_14_20212.html
REG_000002,regulation,国家医保局-医保动态,6月15日起，又一地宝妈喜提新福利！,2026-06-16,,"国家医保局-医保动态 6月15日起，又一地宝妈喜提新福利！
国家医保局-医保动态 6月15日起，又一地宝妈喜提新福利！",0,国家医疗保障局,,https://www.nhsa.gov.cn/art/2026/6/16/art_14_21014.html
REG_000003,regulation,国家医保局-医保动态,浙江医保和您一起比药价,2026-06-16,,"国家医保局-医保动态 浙江医保和您一起比药价
国家医保局-医保动态 浙江医保和您一起比药价",0,国家医疗保障局,浙江,https://www.nhsa.gov.cn/art/2026/6/16/art_14_21010.html
REG_000004,regulation,国家医保局-医保动态,上海医保和您一起比药价,2026-06-15,,"国家医保局-医保动态 上海医保和您一起比药价
国家医保局-医保动态 上海医保和您一起比药价",0,国家医疗保障局,上海,https://www.nhsa.gov.cn/art/2026/6/15/art_14_21002.html
REG_000005,regulation,国家医保局-医保动态,中共山西省委办公厅 山西省人民政府办公厅关于印发《山西省加快建立长期...,2026-06-15,,"国家医保局-医保动态 中共山西省委办公厅 山西省人民政府办公厅关于印发《山西省加快建立长期...
国家医保局-医保动态 中共山西省委办公厅 山西省人民政府办公厅关于印发《山西省加快建立长期...",0,国家医疗保障局,山西,https://www.nhsa.gov.cn/art/2026/6/15/art_14_21000.html
REG_000006,regulation,国家医保局-医保动态,专项行动典型案例第五期：定点零售药店违法违规使用医保基金问题,2026-06-15,,"国家医保局-医保动态 专项行动典型案例第五期：定点零售药店违法违规使用医保基金问题
国家医保局-医保动态 专项行动典型案例第五期：定点零售药店违法违规使用医保基金问题",0,国家医疗保障局,,https://www.nhsa.gov.cn/art/2026/6/15/art_14_20994.html
REG_000007,regulation,国家医保局-医保动态,有的药盒上印的MA码是什么？有什么用？,2026-06-15,,"国家医保局-医保动态 有的药盒上印的MA码是什么？有什么用？
国家医保局-医保动态 有的药盒上印的MA码是什么？有什么用？",0,国家医疗保障局,,https://www.nhsa.gov.cn/art/2026/6/15/art_14_20991.html
REG_000008,regulation,国家医保局-医保动态,吉林省人民政府办公厅关于印发《吉林省完善长期护理保险制度实施方案》的...,2026-06-14,,"国家医保局-医保动态 吉林省人民政府办公厅关于印发《吉林省完善长期护理保险制度实施方案》的...
国家医保局-医保动态 吉林省人民政府办公厅关于印发《吉林省完善长期护理保险制度实施方案》的...",0,国家医疗保障局,吉林,https://www.nhsa.gov.cn/art/2026/6/14/art_14_20986.html
REG_000009,regulation,国家医保局-医保动态,我的诊室挤满了孩子，家长却不愿相信 TA 们病了,2026-06-13,,"国家医保局-医保动态 我的诊室挤满了孩子，家长却不愿相信 TA 们病了
国家医保局-医保动态 我的诊室挤满了孩子，家长却不愿相信 TA 们病了",0,国家医疗保障局,,https://www.nhsa.gov.cn/art/2026/6/13/art_14_20984.html
REG_000010,regulation,国家医保局-医保动态,数智赋能定点医药机构 杭州创新打造医保服务“钉”模式,2026-06-13,,"国家医保局-医保动态 数智赋能定点医药机构 杭州创新打造医保服务“钉”模式
国家医保局-医保动态 数智赋能定点医药机构 杭州创新打造医保服务“钉”模式",0,国家医疗保障局,,https://www.nhsa.gov.cn/art/2026/6/13/art_14_20982.html
REG_000011,regulation,国家医保局-医保动态,长期照护师持证人数已超3万，2026年度第二次省际联考等您来报名（一...,2026-06-12,,"国家医保局-医保动态 长期照护师持证人数已超3万，2026年度第二次省际联考等您来报名（一...
国家医保局-医保动态 长期照护师持证人数已超3万，2026年度第二次省际联考等您来报名（一...",0,国家医疗保障局,,https://www.nhsa.gov.cn/art/2026/6/12/art_14_20989.html
REG_000012,regulation,国家医保局-医保动态,新疆生产建设兵团医保和您一起比药价,2026-06-12,,"国家医保局-医保动态 新疆生产建设兵团医保和您一起比药价
国家医保局-医保动态 新疆生产建设兵团医保和您一起比药价",0,国家医疗保障局,新疆,https://www.nhsa.gov.cn/art/2026/6/12/art_14_20980.html
REG_000013,regulation,国家医保局-医保动态,医保支付方式改革有关情况介绍（第5期）,2026-06-12,,"国家医保局-医保动态 医保支付方式改革有关情况介绍（第5期）
国家医保局-医保动态 医保支付方式改革有关情况介绍（第5期）",0,国家医疗保障局,,https://www.nhsa.gov.cn/art/2026/6/12/art_14_20969.html
REG_000014,regulation,国家医保局-医保动态,青海省人民政府办公厅关于印发《青海省建立长期护理保险制度实施方案》的...,2026-06-12,,"国家医保局-医保动态 青海省人民政府办公厅关于印发《青海省建立长期护理保险制度实施方案》的...
国家医保局-医保动态 青海省人民政府办公厅关于印发《青海省建立长期护理保险制度实施方案》的...",0,国家医疗保障局,青海,https://www.nhsa.gov.cn/art/2026/6/12/art_14_20972.html
REG_000015,regulation,国家医保局-医保动态,“四支付”全面开展 群众就医不再“来回跑”,2026-06-12,,"国家医保局-医保动态 “四支付”全面开展 群众就医不再“来回跑”
国家医保局-医保动态 “四支付”全面开展 群众就医不再“来回跑”",0,国家医疗保障局,,https://www.nhsa.gov.cn/art/2026/6/12/art_14_20958.html
REG_000016,regulation,国家医保局-医保动态,医保便民 “e站”进村,2026-06-11,,"国家医保局-医保动态 医保便民 “e站”进村
国家医保局-医保动态 医保便民 “e站”进村",0,国家医疗保障局,,https://www.nhsa.gov.cn/art/2026/6/11/art_14_20932.html
REG_000017,regulation,国家医保局-医保动态,集采八年，到底改变了什么？,2026-06-11,,"国家医保局-医保动态 集采八年，到底改变了什么？
国家医保局-医保动态 集采八年，到底改变了什么？",0,国家医疗保障局,,https://www.nhsa.gov.cn/art/2026/6/11/art_14_20930.html
REG_000018,regulation,国家医保局-医保动态,国家医保局上线“医保领域场景征集”功能,2026-06-11,,"国家医保局-医保动态 国家医保局上线“医保领域场景征集”功能
国家医保局-医保动态 国家医保局上线“医保领域场景征集”功能",0,国家医疗保障局,,https://www.nhsa.gov.cn/art/2026/6/11/art_14_20918.html
REG_000019,regulation,国家医保局-医保动态,北京市医保局、北京市检察院、北京市公安局联合发布依法惩治医保骗保犯罪...,2026-06-10,,"国家医保局-医保动态 北京市医保局、北京市检察院、北京市公安局联合发布依法惩治医保骗保犯罪...
国家医保局-医保动态 北京市医保局、北京市检察院、北京市公安局联合发布依法惩治医保骗保犯罪...",0,国家医疗保障局,北京,https://www.nhsa.gov.cn/art/2026/6/10/art_14_20927.html
REG_000020,regulation,国家医保局-医保动态,医保支付方式改革有关情况介绍（第4期）,2026-06-10,,"国家医保局-医保动态 医保支付方式改革有关情况介绍（第4期）
国家医保局-医保动态 医保支付方式改革有关情况介绍（第4期）",0,国家医疗保障局,,https://www.nhsa.gov.cn/art/2026/6/10/art_14_20908.html
REG_000021,regulation,国家医保局-医保动态,跨省共济，让医保个账资金成为“家庭健康金”（政策解读·问答）,2026-06-10,,"国家医保局-医保动态 跨省共济，让医保个账资金成为“家庭健康金”（政策解读·问答）
国家医保局-医保动态 跨省共济，让医保个账资金成为“家庭健康金”（政策解读·问答）",0,国家医疗保障局,,https://www.nhsa.gov.cn/art/2026/6/10/art_14_20913.html
REG_000022,regulation,国家医保局-医保动态,关于2026年药品目录调整申报阶段的重要提醒,2026-06-09,,"国家医保局-医保动态 关于2026年药品目录调整申报阶段的重要提醒
国家医保局-医保动态 关于2026年药品目录调整申报阶段的重要提醒",0,国家医疗保障局,,https://www.nhsa.gov.cn/art/2026/6/9/art_14_20910.html
REG_000023,regulation,国家医保局-医保动态,医保战略采购改革国际研讨活动在京举办,2026-06-09,,"国家医保局-医保动态 医保战略采购改革国际研讨活动在京举办
国家医保局-医保动态 医保战略采购改革国际研讨活动在京举办",0,国家医疗保障局,,https://www.nhsa.gov.cn/art/2026/6/9/art_14_20901.html
REG_000024,regulation,国家医保局-医保动态,江苏医保和您一起比药价,2026-06-09,,"国家医保局-医保动态 江苏医保和您一起比药价
国家医保局-医保动态 江苏医保和您一起比药价",0,国家医疗保障局,江苏,https://www.nhsa.gov.cn/art/2026/6/9/art_14_20897.html
REG_000025,regulation,国家医保局-医保动态,亲情账户、家庭共济是什么，怎么用？以新疆医保为例讲解,2026-06-08,,"国家医保局-医保动态 亲情账户、家庭共济是什么，怎么用？以新疆医保为例讲解
国家医保局-医保动态 亲情账户、家庭共济是什么，怎么用？以新疆医保为例讲解",0,国家医疗保障局,新疆,https://www.nhsa.gov.cn/art/2026/6/8/art_14_20889.html
REG_000026,regulation,国家医保局-医保动态,医保支付方式改革有关情况介绍（第3期）,2026-06-08,,"国家医保局-医保动态 医保支付方式改革有关情况介绍（第3期）
国家医保局-医保动态 医保支付方式改革有关情况介绍（第3期）",0,国家医疗保障局,,https://www.nhsa.gov.cn/art/2026/6/8/art_14_20886.html
REG_000027,regulation,国家医保局-医保动态,焦点访谈：制度改革破局 国产创新药跑出“加速度”,2026-06-08,,"国家医保局-医保动态 焦点访谈：制度改革破局 国产创新药跑出“加速度”
国家医保局-医保动态 焦点访谈：制度改革破局 国产创新药跑出“加速度”",0,国家医疗保障局,,https://www.nhsa.gov.cn/art/2026/6/8/art_14_20882.html
REG_000028,regulation,国家医保局-医保动态,“卒”不及防，“脑”动乾坤,2026-06-07,,"国家医保局-医保动态 “卒”不及防，“脑”动乾坤
国家医保局-医保动态 “卒”不及防，“脑”动乾坤",0,国家医疗保障局,,https://www.nhsa.gov.cn/art/2026/6/7/art_14_20872.html
REG_000029,regulation,国家医保局-医保动态,专项行动典型案例第四期：定点零售药店违法违规使用医保基金问题,2026-06-07,,"国家医保局-医保动态 专项行动典型案例第四期：定点零售药店违法违规使用医保基金问题
国家医保局-医保动态 专项行动典型案例第四期：定点零售药店违法违规使用医保基金问题",0,国家医疗保障局,,https://www.nhsa.gov.cn/art/2026/6/7/art_14_20879.html
REG_000030,regulation,国家医保局-医保动态,2026年第二批医保参照药预沟通论证顺利实施,2026-06-06,,"国家医保局-医保动态 2026年第二批医保参照药预沟通论证顺利实施
国家医保局-医保动态 2026年第二批医保参照药预沟通论证顺利实施",0,国家医疗保障局,,https://www.nhsa.gov.cn/art/2026/6/6/art_14_20877.html
REG_000031,regulation,国家医保局-医保动态,抗生素耐药性：滥用抗生素后果有多严重？,2026-06-06,,"国家医保局-医保动态 抗生素耐药性：滥用抗生素后果有多严重？
国家医保局-医保动态 抗生素耐药性：滥用抗生素后果有多严重？",0,国家医疗保障局,,https://www.nhsa.gov.cn/art/2026/6/6/art_14_20870.html
REG_000032,regulation,国家医保局-医保动态,西藏医保和您一起比药价,2026-06-05,,"国家医保局-医保动态 西藏医保和您一起比药价
国家医保局-医保动态 西藏医保和您一起比药价",0,国家医疗保障局,西藏,https://www.nhsa.gov.cn/art/2026/6/5/art_14_20866.html
REG_000033,regulation,国家医保局-医保动态,“医码”当先 刷脸无忧,2026-06-05,,"国家医保局-医保动态 “医码”当先 刷脸无忧
国家医保局-医保动态 “医码”当先 刷脸无忧",0,国家医疗保障局,,https://www.nhsa.gov.cn/art/2026/6/5/art_14_20864.html
REG_000034,regulation,国家医保局-医保动态,新疆医保和您一起比药价,2026-06-04,,"国家医保局-医保动态 新疆医保和您一起比药价
国家医保局-医保动态 新疆医保和您一起比药价",0,国家医疗保障局,新疆,https://www.nhsa.gov.cn/art/2026/6/4/art_14_20855.html
REG_000035,regulation,国家医保局-医保动态,刷脸、扫码，3分钟搞定,2026-06-04,,"国家医保局-医保动态 刷脸、扫码，3分钟搞定
国家医保局-医保动态 刷脸、扫码，3分钟搞定",0,国家医疗保障局,,https://www.nhsa.gov.cn/art/2026/6/4/art_14_20846.html
REG_000036,regulation,国家医保局-医保动态,云南医保和您一起比药价,2026-06-03,,"国家医保局-医保动态 云南医保和您一起比药价
国家医保局-医保动态 云南医保和您一起比药价",0,国家医疗保障局,云南,https://www.nhsa.gov.cn/art/2026/6/3/art_14_20844.html
REG_000037,regulation,国家医保局-医保动态,医保支付方式改革有关情况介绍（第2期）,2026-06-03,,"国家医保局-医保动态 医保支付方式改革有关情况介绍（第2期）
国家医保局-医保动态 医保支付方式改革有关情况介绍（第2期）",0,国家医疗保障局,,https://www.nhsa.gov.cn/art/2026/6/3/art_14_20842.html
REG_000038,regulation,国家医保局-医保动态,“失能不失爱 保障有温度” 徐州长护经办的承诺,2026-06-03,,"国家医保局-医保动态 “失能不失爱 保障有温度” 徐州长护经办的承诺
国家医保局-医保动态 “失能不失爱 保障有温度” 徐州长护经办的承诺",0,国家医疗保障局,,https://www.nhsa.gov.cn/art/2026/6/3/art_14_20840.html
REG_000039,regulation,国家医保局-医保动态,清算提速见实效：2025年度清算5月底前圆满完成，154个统筹地区3...,2026-06-02,,"国家医保局-医保动态 清算提速见实效：2025年度清算5月底前圆满完成，154个统筹地区3...
国家医保局-医保动态 清算提速见实效：2025年度清算5月底前圆满完成，154个统筹地区3...",0,国家医疗保障局,,https://www.nhsa.gov.cn/art/2026/6/2/art_14_20838.html
REG_000040,regulation,国家医保局-医保动态,“一人一档”提供精准服务保障,2026-06-02,,"国家医保局-医保动态 “一人一档”提供精准服务保障
国家医保局-医保动态 “一人一档”提供精准服务保障",0,国家医疗保障局,,https://www.nhsa.gov.cn/art/2026/6/2/art_14_20833.html
REG_000041,regulation,国家医保局-医保动态,深入开展医保基金专项整治 严厉打击违法违规使用医保基金行为,2026-06-02,,"国家医保局-医保动态 深入开展医保基金专项整治 严厉打击违法违规使用医保基金行为
国家医保局-医保动态 深入开展医保基金专项整治 严厉打击违法违规使用医保基金行为",0,国家医疗保障局,,https://www.nhsa.gov.cn/art/2026/6/2/art_14_20829.html
REG_000042,regulation,国家医保局-医保动态,专项行动典型案例第三期：定点零售药店违法违规使用医保基金问题,2026-05-31,,"国家医保局-医保动态 专项行动典型案例第三期：定点零售药店违法违规使用医保基金问题
国家医保局-医保动态 专项行动典型案例第三期：定点零售药店违法违规使用医保基金问题",0,国家医疗保障局,,https://www.nhsa.gov.cn/art/2026/5/31/art_14_20818.html
REG_000043,regulation,国家医保局-医保动态,养成新习惯，别花冤枉钱——国家医保局建议用好药店比价小程序,2026-05-30,,"国家医保局-医保动态 养成新习惯，别花冤枉钱——国家医保局建议用好药店比价小程序
国家医保局-医保动态 养成新习惯，别花冤枉钱——国家医保局建议用好药店比价小程序",0,国家医疗保障局,,https://www.nhsa.gov.cn/art/2026/5/30/art_14_20812.html
REG_000044,regulation,国家医保局-医保动态,四川医保和您一起比药价,2026-06-01,,"国家医保局-医保动态 四川医保和您一起比药价
国家医保局-医保动态 四川医保和您一起比药价",0,国家医疗保障局,四川,https://www.nhsa.gov.cn/art/2026/6/1/art_14_20826.html
REG_000045,regulation,国家医保局-地方医保动态,【吉林】吉林医保和您一起比药价,2026-05-26,,"国家医保局-地方医保动态 【吉林】吉林医保和您一起比药价
国家医保局-地方医保动态 【吉林】吉林医保和您一起比药价",0,国家医疗保障局,吉林,http://www.nhsa.gov.cn/art/2026/5/26/art_14_20714.html
REG_000046,regulation,国家医保局-地方医保动态,【山东】测血压数据自动上云，医保个人健康档案“掌上查”,2026-05-25,,"国家医保局-地方医保动态 【山东】测血压数据自动上云，医保个人健康档案“掌上查”
国家医保局-地方医保动态 【山东】测血压数据自动上云，医保个人健康档案“掌上查”",0,国家医疗保障局,山东,http://www.nhsa.gov.cn/art/2026/5/25/art_14_20700.html
REG_000047,regulation,国家医保局-地方医保动态,【河南】医保支持基层，河南有实招！,2026-05-24,,"国家医保局-地方医保动态 【河南】医保支持基层，河南有实招！
国家医保局-地方医保动态 【河南】医保支持基层，河南有实招！",0,国家医疗保障局,河南,http://www.nhsa.gov.cn/art/2026/5/24/art_14_20683.html
REG_000048,regulation,国家医保局-地方医保动态,【贵州】贵州医保微信公众号上线重要新功能 可查询您在省内医保定点医院...,2026-05-23,,"国家医保局-地方医保动态 【贵州】贵州医保微信公众号上线重要新功能 可查询您在省内医保定点医院...
国家医保局-地方医保动态 【贵州】贵州医保微信公众号上线重要新功能 可查询您在省内医保定点医院...",0,国家医疗保障局,贵州,http://www.nhsa.gov.cn/art/2026/5/23/art_14_20690.html
REG_000049,regulation,国家医保局-地方医保动态,【海南】海南医保和您一起比药价,2026-05-22,,"国家医保局-地方医保动态 【海南】海南医保和您一起比药价
国家医保局-地方医保动态 【海南】海南医保和您一起比药价",0,国家医疗保障局,海南,http://www.nhsa.gov.cn/art/2026/5/22/art_14_20584.html
REG_000050,regulation,国家医保局-地方医保动态,【黑龙江】黑龙江医保和您一起比药价,2026-05-21,,"国家医保局-地方医保动态 【黑龙江】黑龙江医保和您一起比药价
国家医保局-地方医保动态 【黑龙江】黑龙江医保和您一起比药价",0,国家医疗保障局,黑龙江,http://www.nhsa.gov.cn/art/2026/5/21/art_14_20575.html
REG_000051,regulation,国家医保局-地方医保动态,【广西】仅三个月！广西医保影像云就已覆盖绝大部分三级医院！,2026-05-20,,"国家医保局-地方医保动态 【广西】仅三个月！广西医保影像云就已覆盖绝大部分三级医院！
国家医保局-地方医保动态 【广西】仅三个月！广西医保影像云就已覆盖绝大部分三级医院！",0,国家医疗保障局,广西,http://www.nhsa.gov.cn/art/2026/5/20/art_14_20565.html
REG_000052,regulation,国家医保局-地方医保动态,【天津】便捷支付让群众和医院都得到了实惠,2026-05-13,,"国家医保局-地方医保动态 【天津】便捷支付让群众和医院都得到了实惠
国家医保局-地方医保动态 【天津】便捷支付让群众和医院都得到了实惠",0,国家医疗保障局,天津,http://www.nhsa.gov.cn/art/2026/5/13/art_14_20485.html
REG_000053,regulation,国家医保局-地方医保动态,【安徽】安徽医保和您一起比药价,2026-05-12,,"国家医保局-地方医保动态 【安徽】安徽医保和您一起比药价
国家医保局-地方医保动态 【安徽】安徽医保和您一起比药价",0,国家医疗保障局,安徽,http://www.nhsa.gov.cn/art/2026/5/12/art_14_20481.html
REG_000054,regulation,国家医保局-地方医保动态,【北京】北京医保和您一起比药价,2026-05-11,,"国家医保局-地方医保动态 【北京】北京医保和您一起比药价
国家医保局-地方医保动态 【北京】北京医保和您一起比药价",0,国家医疗保障局,北京,http://www.nhsa.gov.cn/art/2026/5/11/art_14_20468.html
REG_000055,regulation,国家医保局-地方医保动态,【甘肃】甘肃医保和您一起比药价,2026-05-09,,"国家医保局-地方医保动态 【甘肃】甘肃医保和您一起比药价
国家医保局-地方医保动态 【甘肃】甘肃医保和您一起比药价",0,国家医疗保障局,甘肃,http://www.nhsa.gov.cn/art/2026/5/9/art_14_20451.html
REG_000056,regulation,国家医保局-地方医保动态,【山东】“出生即参、落地即享” 医保都做了啥？,2026-05-09,,"国家医保局-地方医保动态 【山东】“出生即参、落地即享” 医保都做了啥？
国家医保局-地方医保动态 【山东】“出生即参、落地即享” 医保都做了啥？",0,国家医疗保障局,山东,http://www.nhsa.gov.cn/art/2026/5/9/art_14_20434.html
REG_000057,regulation,国家医保局-地方医保动态,【湖南】湖南医保和您一起比药价,2026-05-08,,"国家医保局-地方医保动态 【湖南】湖南医保和您一起比药价
国家医保局-地方医保动态 【湖南】湖南医保和您一起比药价",0,国家医疗保障局,湖南,http://www.nhsa.gov.cn/art/2026/5/8/art_14_20428.html
REG_000058,regulation,国家医保局-地方医保动态,【江西】江西医保和您一起比药价,2026-05-06,,"国家医保局-地方医保动态 【江西】江西医保和您一起比药价
国家医保局-地方医保动态 【江西】江西医保和您一起比药价",0,国家医疗保障局,江西,http://www.nhsa.gov.cn/art/2026/5/6/art_14_20407.html
REG_000059,regulation,国家医保局-地方医保动态,【山东】山东医保和您一起比药价,2026-04-30,,"国家医保局-地方医保动态 【山东】山东医保和您一起比药价
国家医保局-地方医保动态 【山东】山东医保和您一起比药价",0,国家医疗保障局,山东,http://www.nhsa.gov.cn/art/2026/4/30/art_14_20389.html
REG_000060,regulation,国家医保局-地方医保动态,【河北】河北医保和您一起比药价,2026-04-29,,"国家医保局-地方医保动态 【河北】河北医保和您一起比药价
国家医保局-地方医保动态 【河北】河北医保和您一起比药价",0,国家医疗保障局,河北,http://www.nhsa.gov.cn/art/2026/4/29/art_14_20373.html
REG_000061,regulation,国家医保局-地方医保动态,【陕西】陕西医保和您一起比药价,2026-04-28,,"国家医保局-地方医保动态 【陕西】陕西医保和您一起比药价
国家医保局-地方医保动态 【陕西】陕西医保和您一起比药价",0,国家医疗保障局,陕西,http://www.nhsa.gov.cn/art/2026/4/28/art_14_20352.html
REG_000062,regulation,国家医保局-地方医保动态,【广西】广西医保和您一起比药价,2026-05-07,,"国家医保局-地方医保动态 【广西】广西医保和您一起比药价
国家医保局-地方医保动态 【广西】广西医保和您一起比药价",0,国家医疗保障局,广西,http://www.nhsa.gov.cn/art/2026/5/7/art_14_20423.html
REG_000063,regulation,国家医保局-地方医保动态,【广东】广东医保和您一起比药价,2026-04-27,,"国家医保局-地方医保动态 【广东】广东医保和您一起比药价
国家医保局-地方医保动态 【广东】广东医保和您一起比药价",0,国家医疗保障局,广东,http://www.nhsa.gov.cn/art/2026/4/27/art_14_20344.html
REG_000064,regulation,国家医保局-地方医保动态,【重庆】重庆医保和您一起比药价,2026-04-24,,"国家医保局-地方医保动态 【重庆】重庆医保和您一起比药价
国家医保局-地方医保动态 【重庆】重庆医保和您一起比药价",0,国家医疗保障局,重庆,http://www.nhsa.gov.cn/art/2026/4/24/art_14_20319.html
REG_000065,regulation,国家医保局-地方医保动态,【河南】打造医保结算“快车道” 跑出便民惠企“加速度”,2026-04-23,,"国家医保局-地方医保动态 【河南】打造医保结算“快车道” 跑出便民惠企“加速度”
国家医保局-地方医保动态 【河南】打造医保结算“快车道” 跑出便民惠企“加速度”",0,国家医疗保障局,河南,http://www.nhsa.gov.cn/art/2026/4/23/art_14_20314.html
REG_000066,regulation,国家医保局-地方医保动态,【浙江】数字赋能 服务提质 杭州医保便捷支付体系全面提速升级,2026-04-19,,"国家医保局-地方医保动态 【浙江】数字赋能 服务提质 杭州医保便捷支付体系全面提速升级
国家医保局-地方医保动态 【浙江】数字赋能 服务提质 杭州医保便捷支付体系全面提速升级",0,国家医疗保障局,浙江,http://www.nhsa.gov.cn/art/2026/4/19/art_14_20247.html
REG_000067,regulation,国家医保局-地方医保动态,【辽宁】辽宁省人民政府办公厅关于印发《辽宁省建立长期护理保险制度实施...,2026-04-18,,"国家医保局-地方医保动态 【辽宁】辽宁省人民政府办公厅关于印发《辽宁省建立长期护理保险制度实施...
国家医保局-地方医保动态 【辽宁】辽宁省人民政府办公厅关于印发《辽宁省建立长期护理保险制度实施...",0,国家医疗保障局,辽宁,http://www.nhsa.gov.cn/art/2026/4/18/art_14_20243.html
REG_000068,regulation,国家医保局-地方医保动态,【江西】江西省人民政府办公厅关于印发《江西省建立长期护理保险制度实施...,2026-04-17,,"国家医保局-地方医保动态 【江西】江西省人民政府办公厅关于印发《江西省建立长期护理保险制度实施...
国家医保局-地方医保动态 【江西】江西省人民政府办公厅关于印发《江西省建立长期护理保险制度实施...",0,国家医疗保障局,江西,http://www.nhsa.gov.cn/art/2026/4/17/art_14_20241.html
REG_000069,regulation,国家医保局-地方医保动态,【湖南】7月1日起全面铺开！湖南将迎来政策范围内住院分娩“零自付”时...,2026-04-17,,"国家医保局-地方医保动态 【湖南】7月1日起全面铺开！湖南将迎来政策范围内住院分娩“零自付”时...
国家医保局-地方医保动态 【湖南】7月1日起全面铺开！湖南将迎来政策范围内住院分娩“零自付”时...",0,国家医疗保障局,湖南,http://www.nhsa.gov.cn/art/2026/4/17/art_14_20238.html
REG_000070,regulation,国家医保局-地方医保动态,【内蒙古】内蒙古特例单议启动线上评审，结果可查可复议,2026-04-13,,"国家医保局-地方医保动态 【内蒙古】内蒙古特例单议启动线上评审，结果可查可复议
国家医保局-地方医保动态 【内蒙古】内蒙古特例单议启动线上评审，结果可查可复议",0,国家医疗保障局,内蒙古,http://www.nhsa.gov.cn/art/2026/4/13/art_14_20201.html
REG_000071,regulation,国家医保局-地方医保动态,【广东】告别“同病不同码” 深圳出台医保结算清单诊断编码填报指南,2026-04-07,,"国家医保局-地方医保动态 【广东】告别“同病不同码” 深圳出台医保结算清单诊断编码填报指南
国家医保局-地方医保动态 【广东】告别“同病不同码” 深圳出台医保结算清单诊断编码填报指南",0,国家医疗保障局,广东,http://www.nhsa.gov.cn/art/2026/4/7/art_14_20135.html
REG_000072,regulation,国家医保局-地方医保动态,【河北】河北省医疗保障局等10部门关于印发《河北省建立长期护理保险制...,2026-04-07,,"国家医保局-地方医保动态 【河北】河北省医疗保障局等10部门关于印发《河北省建立长期护理保险制...
国家医保局-地方医保动态 【河北】河北省医疗保障局等10部门关于印发《河北省建立长期护理保险制...",0,国家医疗保障局,河北,http://www.nhsa.gov.cn/art/2026/4/7/art_14_20124.html
REG_000073,regulation,国家医保局-地方医保动态,【海南】海南省人民政府办公厅关于印发《海南省建立长期护理保险制度实施...,2026-04-06,,"国家医保局-地方医保动态 【海南】海南省人民政府办公厅关于印发《海南省建立长期护理保险制度实施...
国家医保局-地方医保动态 【海南】海南省人民政府办公厅关于印发《海南省建立长期护理保险制度实施...",0,国家医疗保障局,海南,http://www.nhsa.gov.cn/art/2026/4/6/art_14_20128.html
REG_000074,regulation,国家医保局-地方医保动态,【云南】云南省人民政府办公厅关于印发《云南省建立长期护理保险制度实施...,2026-04-05,,"国家医保局-地方医保动态 【云南】云南省人民政府办公厅关于印发《云南省建立长期护理保险制度实施...
国家医保局-地方医保动态 【云南】云南省人民政府办公厅关于印发《云南省建立长期护理保险制度实施...",0,国家医疗保障局,云南,http://www.nhsa.gov.cn/art/2026/4/5/art_14_20122.html
REG_000075,regulation,国家医保局-地方医保动态,【四川】四川省人民政府办公厅关于印发《四川省建立长期护理保险制度实施...,2026-04-03,,"国家医保局-地方医保动态 【四川】四川省人民政府办公厅关于印发《四川省建立长期护理保险制度实施...
国家医保局-地方医保动态 【四川】四川省人民政府办公厅关于印发《四川省建立长期护理保险制度实施...",0,国家医疗保障局,四川,http://www.nhsa.gov.cn/art/2026/4/3/art_14_20120.html
REG_000076,regulation,国家医保局-地方医保动态,【山东】山东省人民政府办公厅关于建立完善长期护理保险制度的实施意见,2026-04-01,,"国家医保局-地方医保动态 【山东】山东省人民政府办公厅关于建立完善长期护理保险制度的实施意见
国家医保局-地方医保动态 【山东】山东省人民政府办公厅关于建立完善长期护理保险制度的实施意见",0,国家医疗保障局,山东,http://www.nhsa.gov.cn/art/2026/4/1/art_14_20091.html
REG_000077,regulation,国家医保局-地方医保动态,【山东】提前了！医保基金清算再提速,2026-03-30,,"国家医保局-地方医保动态 【山东】提前了！医保基金清算再提速
国家医保局-地方医保动态 【山东】提前了！医保基金清算再提速",0,国家医疗保障局,山东,http://www.nhsa.gov.cn/art/2026/3/30/art_14_20065.html
REG_000078,regulation,国家医保局-地方医保动态,【内蒙古】内蒙古锡林郭勒盟：医保“四支付”赋能草原就医结算迈入“便捷...,2026-03-28,,"国家医保局-地方医保动态 【内蒙古】内蒙古锡林郭勒盟：医保“四支付”赋能草原就医结算迈入“便捷...
国家医保局-地方医保动态 【内蒙古】内蒙古锡林郭勒盟：医保“四支付”赋能草原就医结算迈入“便捷...",0,国家医疗保障局,内蒙古,http://www.nhsa.gov.cn/art/2026/3/28/art_14_20054.html
REG_000079,regulation,国家医保局-地方医保动态,【云南】先看病后付费——昆明“信用就医”打造医保服务新模式,2026-03-24,,"国家医保局-地方医保动态 【云南】先看病后付费——昆明“信用就医”打造医保服务新模式
国家医保局-地方医保动态 【云南】先看病后付费——昆明“信用就医”打造医保服务新模式",0,国家医疗保障局,云南,http://www.nhsa.gov.cn/art/2026/3/24/art_14_20011.html
REG_000080,regulation,国家医保局-地方医保动态,【江西】江西2.4余万家单位参与“三进”行动，村卫生室也能买到集采药...,2026-03-23,,"国家医保局-地方医保动态 【江西】江西2.4余万家单位参与“三进”行动，村卫生室也能买到集采药...
国家医保局-地方医保动态 【江西】江西2.4余万家单位参与“三进”行动，村卫生室也能买到集采药...",0,国家医疗保障局,江西,http://www.nhsa.gov.cn/art/2026/3/23/art_14_19995.html
REG_000081,regulation,国家医保局-地方医保动态,【北京】北京200多家医院支持医保移动支付,2026-03-23,,"国家医保局-地方医保动态 【北京】北京200多家医院支持医保移动支付
国家医保局-地方医保动态 【北京】北京200多家医院支持医保移动支付",0,国家医疗保障局,北京,http://www.nhsa.gov.cn/art/2026/3/23/art_14_19980.html
REG_000082,regulation,国家医保局-地方医保动态,【广西】又有一地实现生育“无自付”,2026-03-22,,"国家医保局-地方医保动态 【广西】又有一地实现生育“无自付”
国家医保局-地方医保动态 【广西】又有一地实现生育“无自付”",0,国家医疗保障局,广西,http://www.nhsa.gov.cn/art/2026/3/22/art_14_19978.html
REG_000083,regulation,国家医保局-地方医保动态,【天津】从“绰绰有余”到“不够用” 医保硬核举措护航创新医药产业发展,2026-03-14,,"国家医保局-地方医保动态 【天津】从“绰绰有余”到“不够用” 医保硬核举措护航创新医药产业发展
国家医保局-地方医保动态 【天津】从“绰绰有余”到“不够用” 医保硬核举措护航创新医药产业发展",0,国家医疗保障局,天津,http://www.nhsa.gov.cn/art/2026/3/14/art_14_19913.html
REG_000084,regulation,国家医保局-地方医保动态,【湖南】“冠心病PCI术后”门诊慢特病待遇认定“零跑腿”——湖南医保...,2026-03-14,,"国家医保局-地方医保动态 【湖南】“冠心病PCI术后”门诊慢特病待遇认定“零跑腿”——湖南医保...
国家医保局-地方医保动态 【湖南】“冠心病PCI术后”门诊慢特病待遇认定“零跑腿”——湖南医保...",0,国家医疗保障局,湖南,http://www.nhsa.gov.cn/art/2026/3/14/art_14_19908.html
REG_000085,regulation,国家医保局-地方医保动态,【福建】提质增效，赋能发展——2025年度结算清算跑出厦门医保加速度,2026-03-12,,"国家医保局-地方医保动态 【福建】提质增效，赋能发展——2025年度结算清算跑出厦门医保加速度
国家医保局-地方医保动态 【福建】提质增效，赋能发展——2025年度结算清算跑出厦门医保加速度",0,国家医疗保障局,福建,http://www.nhsa.gov.cn/art/2026/3/12/art_14_19870.html
REG_000086,regulation,国家医保局-地方医保动态,【广东】江门住院分娩医保目录范围内个人“零自付”！,2026-03-11,,"国家医保局-地方医保动态 【广东】江门住院分娩医保目录范围内个人“零自付”！
国家医保局-地方医保动态 【广东】江门住院分娩医保目录范围内个人“零自付”！",0,国家医疗保障局,广东,http://www.nhsa.gov.cn/art/2026/3/11/art_14_19864.html
REG_000087,regulation,国家医保局-地方医保动态,【福建】厦门新生儿医保参保报销“秒办”惠及超10万家庭,2026-03-11,,"国家医保局-地方医保动态 【福建】厦门新生儿医保参保报销“秒办”惠及超10万家庭
国家医保局-地方医保动态 【福建】厦门新生儿医保参保报销“秒办”惠及超10万家庭",0,国家医疗保障局,福建,http://www.nhsa.gov.cn/art/2026/3/11/art_14_19862.html
REG_000088,regulation,国家医保局-地方医保动态,【安徽】滁州医保“码上办+刷脸付”，让群众就医“少排队、少跑腿、少操...,2026-03-09,,"国家医保局-地方医保动态 【安徽】滁州医保“码上办+刷脸付”，让群众就医“少排队、少跑腿、少操...
国家医保局-地方医保动态 【安徽】滁州医保“码上办+刷脸付”，让群众就医“少排队、少跑腿、少操...",0,国家医疗保障局,安徽,http://www.nhsa.gov.cn/art/2026/3/9/art_14_19818.html
REG_000089,regulation,国家医保局-地方医保动态,【宁夏】以“医保”之名 暖心守护“她”——女性生育保险政策指南,2026-03-08,,"国家医保局-地方医保动态 【宁夏】以“医保”之名 暖心守护“她”——女性生育保险政策指南
国家医保局-地方医保动态 【宁夏】以“医保”之名 暖心守护“她”——女性生育保险政策指南",0,国家医疗保障局,宁夏,http://www.nhsa.gov.cn/art/2026/3/8/art_14_19830.html
REG_000090,regulation,国家医保局-打击骗保,专项行动典型案例第五期：定点零售药店违法违规使用医保基金问题,2026-06-15,,"国家医保局-打击骗保 专项行动典型案例第五期：定点零售药店违法违规使用医保基金问题
国家医保局-打击骗保 专项行动典型案例第五期：定点零售药店违法违规使用医保基金问题",0,国家医疗保障局,,http://www.nhsa.gov.cn/art/2026/6/15/art_14_20994.html
REG_000091,regulation,国家医保局-打击骗保,专项行动典型案例第四期：定点零售药店违法违规使用医保基金问题,2026-06-07,,"国家医保局-打击骗保 专项行动典型案例第四期：定点零售药店违法违规使用医保基金问题
国家医保局-打击骗保 专项行动典型案例第四期：定点零售药店违法违规使用医保基金问题",0,国家医疗保障局,,http://www.nhsa.gov.cn/art/2026/6/7/art_14_20879.html
REG_000092,regulation,国家医保局-打击骗保,专项行动典型案例第二期：定点零售药店违法违规使用医保基金问题,2026-05-27,,"国家医保局-打击骗保 专项行动典型案例第二期：定点零售药店违法违规使用医保基金问题
国家医保局-打击骗保 专项行动典型案例第二期：定点零售药店违法违规使用医保基金问题",0,国家医疗保障局,,http://www.nhsa.gov.cn/art/2026/5/27/art_14_20728.html
REG_000093,regulation,国家医保局-打击骗保,专项行动典型案例第一期：参保人超量开药并倒卖药品问题,2026-05-08,,"国家医保局-打击骗保 专项行动典型案例第一期：参保人超量开药并倒卖药品问题
国家医保局-打击骗保 专项行动典型案例第一期：参保人超量开药并倒卖药品问题",0,国家医疗保障局,,http://www.nhsa.gov.cn/art/2026/5/8/art_14_20432.html
REG_000094,regulation,国家医保局-打击骗保,国家赴吉林医保基金飞行检查正式启动,2024-06-19,,"国家医保局-打击骗保 国家赴吉林医保基金飞行检查正式启动
国家医保局-打击骗保 国家赴吉林医保基金飞行检查正式启动",0,国家医疗保障局,吉林,http://www.nhsa.gov.cn/art/2024/6/19/art_14_12956.html
REG_000095,regulation,国家医保局-打击骗保,虚报工资额度骗取生育津贴？判刑！,2024-06-18,,"国家医保局-打击骗保 虚报工资额度骗取生育津贴？判刑！
国家医保局-打击骗保 虚报工资额度骗取生育津贴？判刑！",0,国家医疗保障局,,http://www.nhsa.gov.cn/art/2024/6/18/art_14_12947.html
REG_000096,regulation,国家医保局-打击骗保,“医保返利”诱导购药是骗局！,2024-06-17,,"国家医保局-打击骗保 “医保返利”诱导购药是骗局！
国家医保局-打击骗保 “医保返利”诱导购药是骗局！",0,国家医疗保障局,,http://www.nhsa.gov.cn/art/2024/6/17/art_14_12942.html
REG_000097,regulation,国家医保局-打击骗保,2024年度打击医保欺诈骗保宣传画征集作品（第八期）,2024-06-16,,"国家医保局-打击骗保 2024年度打击医保欺诈骗保宣传画征集作品（第八期）
国家医保局-打击骗保 2024年度打击医保欺诈骗保宣传画征集作品（第八期）",0,国家医疗保障局,,http://www.nhsa.gov.cn/art/2024/6/16/art_14_12936.html
REG_000098,regulation,国家医保局-打击骗保,“倒卖药品”到底是赚还是赔？,2024-06-15,,"国家医保局-打击骗保 “倒卖药品”到底是赚还是赔？
国家医保局-打击骗保 “倒卖药品”到底是赚还是赔？",0,国家医疗保障局,,http://www.nhsa.gov.cn/art/2024/6/15/art_14_12932.html
REG_000099,regulation,国家医保局-打击骗保,医保赋能医疗机构：主动规范医保基金使用，来看看这些医疗机构怎么做！（...,2024-06-11,,"国家医保局-打击骗保 医保赋能医疗机构：主动规范医保基金使用，来看看这些医疗机构怎么做！（...
国家医保局-打击骗保 医保赋能医疗机构：主动规范医保基金使用，来看看这些医疗机构怎么做！（...",0,国家医疗保障局,,http://www.nhsa.gov.cn/art/2024/6/11/art_14_12895.html
REG_000100,regulation,国家医保局-打击骗保,2024年度打击医保欺诈骗保宣传画征集作品（第七期）,2024-06-10,,"国家医保局-打击骗保 2024年度打击医保欺诈骗保宣传画征集作品（第七期）
国家医保局-打击骗保 2024年度打击医保欺诈骗保宣传画征集作品（第七期）",0,国家医疗保障局,,http://www.nhsa.gov.cn/art/2024/6/10/art_14_12889.html
REG_000101,regulation,国家医保局-打击骗保,医保赋能医疗机构：主动规范医保基金使用，来看看这些医疗机构怎么做！（...,2024-06-10,,"国家医保局-打击骗保 医保赋能医疗机构：主动规范医保基金使用，来看看这些医疗机构怎么做！（...
国家医保局-打击骗保 医保赋能医疗机构：主动规范医保基金使用，来看看这些医疗机构怎么做！（...",0,国家医疗保障局,,http://www.nhsa.gov.cn/art/2024/6/10/art_14_12893.html
REG_000102,regulation,国家医保局-打击骗保,2024年度打击医保欺诈骗保宣传画征集作品（第六期）,2024-06-09,,"国家医保局-打击骗保 2024年度打击医保欺诈骗保宣传画征集作品（第六期）
国家医保局-打击骗保 2024年度打击医保欺诈骗保宣传画征集作品（第六期）",0,国家医疗保障局,,http://www.nhsa.gov.cn/art/2024/6/9/art_14_12887.html
REG_000103,regulation,国家医保局-打击骗保,医保赋能医疗机构：主动规范医保基金使用，来看看这些医疗机构怎么做！（...,2024-06-09,,"国家医保局-打击骗保 医保赋能医疗机构：主动规范医保基金使用，来看看这些医疗机构怎么做！（...
国家医保局-打击骗保 医保赋能医疗机构：主动规范医保基金使用，来看看这些医疗机构怎么做！（...",0,国家医疗保障局,,http://www.nhsa.gov.cn/art/2024/6/9/art_14_12891.html
REG_000104,regulation,国家医保局-打击骗保,2024年度打击医保欺诈骗保宣传画征集作品（第五期）,2024-06-08,,"国家医保局-打击骗保 2024年度打击医保欺诈骗保宣传画征集作品（第五期）
国家医保局-打击骗保 2024年度打击医保欺诈骗保宣传画征集作品（第五期）",0,国家医疗保障局,,http://www.nhsa.gov.cn/art/2024/6/8/art_14_12885.html
REG_000105,regulation,国家医保局-打击骗保,2024年度打击医保欺诈骗保宣传画征集作品（第四期）,2024-06-07,,"国家医保局-打击骗保 2024年度打击医保欺诈骗保宣传画征集作品（第四期）
国家医保局-打击骗保 2024年度打击医保欺诈骗保宣传画征集作品（第四期）",0,国家医疗保障局,,http://www.nhsa.gov.cn/art/2024/6/7/art_14_12874.html
REG_000106,regulation,国家医保局-打击骗保,2024年度打击医保欺诈骗保宣传画征集作品（第三期）,2024-06-05,,"国家医保局-打击骗保 2024年度打击医保欺诈骗保宣传画征集作品（第三期）
国家医保局-打击骗保 2024年度打击医保欺诈骗保宣传画征集作品（第三期）",0,国家医疗保障局,,http://www.nhsa.gov.cn/art/2024/6/5/art_14_12858.html
REG_000107,regulation,国家医保局-打击骗保,国家医保局基金监管司约谈一心堂药业集团股份有限公司,2024-06-02,,"国家医保局-打击骗保 国家医保局基金监管司约谈一心堂药业集团股份有限公司
国家医保局-打击骗保 国家医保局基金监管司约谈一心堂药业集团股份有限公司",0,国家医疗保障局,,http://www.nhsa.gov.cn/art/2024/6/2/art_14_12846.html
REG_000108,regulation,国家医保局-打击骗保,国家医保局基金监管司有关负责人就约谈一心堂药业集团股份有限公司相关情...,2024-06-02,,"国家医保局-打击骗保 国家医保局基金监管司有关负责人就约谈一心堂药业集团股份有限公司相关情...
国家医保局-打击骗保 国家医保局基金监管司有关负责人就约谈一心堂药业集团股份有限公司相关情...",0,国家医疗保障局,,http://www.nhsa.gov.cn/art/2024/6/2/art_14_12848.html
REG_000109,regulation,国家医保局-打击骗保,2024年度打击医保欺诈骗保宣传画征集作品（第二期）,2024-05-26,,"国家医保局-打击骗保 2024年度打击医保欺诈骗保宣传画征集作品（第二期）
国家医保局-打击骗保 2024年度打击医保欺诈骗保宣传画征集作品（第二期）",0,国家医疗保障局,,http://www.nhsa.gov.cn/art/2024/5/26/art_14_12791.html
REG_000110,regulation,国家医保局-打击骗保,职工保个账的钱，到底怎么给家人用？,2024-05-23,,"国家医保局-打击骗保 职工保个账的钱，到底怎么给家人用？
国家医保局-打击骗保 职工保个账的钱，到底怎么给家人用？",0,国家医疗保障局,,http://www.nhsa.gov.cn/art/2024/5/23/art_14_12774.html
REG_000111,regulation,国家医保局-打击骗保,国家赴海南医保基金飞行检查正式启动,2024-05-17,,"国家医保局-打击骗保 国家赴海南医保基金飞行检查正式启动
国家医保局-打击骗保 国家赴海南医保基金飞行检查正式启动",0,国家医疗保障局,海南,http://www.nhsa.gov.cn/art/2024/5/17/art_14_12713.html
REG_000112,regulation,国家医保局-打击骗保,2024年度打击医保欺诈骗保宣传画征集作品展示（第一期）,2024-05-17,,"国家医保局-打击骗保 2024年度打击医保欺诈骗保宣传画征集作品展示（第一期）
国家医保局-打击骗保 2024年度打击医保欺诈骗保宣传画征集作品展示（第一期）",0,国家医疗保障局,,http://www.nhsa.gov.cn/art/2024/5/17/art_14_12732.html
REG_000113,regulation,国家医保局-打击骗保,2024年度打击医保欺诈骗保宣传画征集使用作品名单出炉啦,2024-05-17,,"国家医保局-打击骗保 2024年度打击医保欺诈骗保宣传画征集使用作品名单出炉啦
国家医保局-打击骗保 2024年度打击医保欺诈骗保宣传画征集使用作品名单出炉啦",0,国家医疗保障局,,http://www.nhsa.gov.cn/art/2024/5/17/art_14_12730.html
REG_000114,regulation,国家医保局-打击骗保,2024年国家医疗保障基金飞行检查正式启动,2024-05-11,,"国家医保局-打击骗保 2024年国家医疗保障基金飞行检查正式启动
国家医保局-打击骗保 2024年国家医疗保障基金飞行检查正式启动",0,国家医疗保障局,,http://www.nhsa.gov.cn/art/2024/5/11/art_14_12673.html
REG_000115,regulation,国家医保局-打击骗保,我医保的钱到底能不能给亲人看病买药？,2024-05-08,,"国家医保局-打击骗保 我医保的钱到底能不能给亲人看病买药？
国家医保局-打击骗保 我医保的钱到底能不能给亲人看病买药？",0,国家医疗保障局,,http://www.nhsa.gov.cn/art/2024/5/8/art_14_12622.html
REG_000116,regulation,国家医保局-打击骗保,经个人授权，您的医保信息还能这样用！,2024-04-27,,"国家医保局-打击骗保 经个人授权，您的医保信息还能这样用！
国家医保局-打击骗保 经个人授权，您的医保信息还能这样用！",0,国家医疗保障局,,http://www.nhsa.gov.cn/art/2024/4/27/art_14_12537.html
REG_000117,regulation,国家医保局-打击骗保,刷医保卡买东西不花钱？这个便宜不能占！,2024-04-27,,"国家医保局-打击骗保 刷医保卡买东西不花钱？这个便宜不能占！
国家医保局-打击骗保 刷医保卡买东西不花钱？这个便宜不能占！",0,国家医疗保障局,,http://www.nhsa.gov.cn/art/2024/4/27/art_14_12535.html
REG_000118,regulation,国家医保局-打击骗保,朋友，请别再把药卖给药贩子了！,2024-04-26,,"国家医保局-打击骗保 朋友，请别再把药卖给药贩子了！
国家医保局-打击骗保 朋友，请别再把药卖给药贩子了！",0,国家医疗保障局,,http://www.nhsa.gov.cn/art/2024/4/26/art_14_12523.html
REG_000119,regulation,国家医保局-打击骗保,这种小忙不能帮 冒用他人医保卡会被处罚！,2024-04-25,,"国家医保局-打击骗保 这种小忙不能帮 冒用他人医保卡会被处罚！
国家医保局-打击骗保 这种小忙不能帮 冒用他人医保卡会被处罚！",0,国家医疗保障局,,http://www.nhsa.gov.cn/art/2024/4/25/art_14_12502.html
REG_000120,regulation,国家医保局-打击骗保,基金监管同参与 守好群众“救命钱”： 拒绝“免费住院 免费接送”陷阱,2024-04-22,,"国家医保局-打击骗保 基金监管同参与 守好群众“救命钱”： 拒绝“免费住院 免费接送”陷阱
国家医保局-打击骗保 基金监管同参与 守好群众“救命钱”： 拒绝“免费住院 免费接送”陷阱",0,国家医疗保障局,,https://www.nhsa.gov.cn/art/2024/4/22/art_20_12473.html
REG_000121,regulation,国家医保局-打击骗保,基金监管同参与 守好群众“救命钱”：冒名就医 违法必究,2024-04-21,,"国家医保局-打击骗保 基金监管同参与 守好群众“救命钱”：冒名就医 违法必究
国家医保局-打击骗保 基金监管同参与 守好群众“救命钱”：冒名就医 违法必究",0,国家医疗保障局,,https://www.nhsa.gov.cn/art/2024/4/21/art_20_12466.html
REG_000122,regulation,国家医保局-打击骗保,基金监管同参与 守好群众“救命钱”：打击串换药品 维护医保基金安全,2024-04-20,,"国家医保局-打击骗保 基金监管同参与 守好群众“救命钱”：打击串换药品 维护医保基金安全
国家医保局-打击骗保 基金监管同参与 守好群众“救命钱”：打击串换药品 维护医保基金安全",0,国家医疗保障局,,https://www.nhsa.gov.cn/art/2024/4/20/art_20_12465.html
REG_000123,regulation,国家医保局-打击骗保,基金监管同参与 守好群众“救命钱”：倒卖回流药 罪责难逃,2024-04-19,,"国家医保局-打击骗保 基金监管同参与 守好群众“救命钱”：倒卖回流药 罪责难逃
国家医保局-打击骗保 基金监管同参与 守好群众“救命钱”：倒卖回流药 罪责难逃",0,国家医疗保障局,,https://www.nhsa.gov.cn/art/2024/4/19/art_20_12452.html
REG_000124,regulation,国家医保局-打击骗保,基金监管同参与 守好群众“救命钱”：斩断医保非法利益链 人人有责,2024-04-18,,"国家医保局-打击骗保 基金监管同参与 守好群众“救命钱”：斩断医保非法利益链 人人有责
国家医保局-打击骗保 基金监管同参与 守好群众“救命钱”：斩断医保非法利益链 人人有责",0,国家医疗保障局,,https://www.nhsa.gov.cn/art/2024/4/18/art_20_12439.html
REG_000125,regulation,国家医保局-打击骗保,基金监管同参与 守好群众“救命钱”：医保诈骗 害人害己,2024-04-17,,"国家医保局-打击骗保 基金监管同参与 守好群众“救命钱”：医保诈骗 害人害己
国家医保局-打击骗保 基金监管同参与 守好群众“救命钱”：医保诈骗 害人害己",0,国家医疗保障局,,https://www.nhsa.gov.cn/art/2024/4/17/art_20_12436.html
REG_000126,regulation,国家医保局-打击骗保,2024年全国医保基金违法违规问题专项整治工作会议召开,2024-04-08,,"国家医保局-打击骗保 2024年全国医保基金违法违规问题专项整治工作会议召开
国家医保局-打击骗保 2024年全国医保基金违法违规问题专项整治工作会议召开",0,国家医疗保障局,,http://www.nhsa.gov.cn/art/2024/4/8/art_14_12321.html
REG_000127,regulation,国家医保局-打击骗保,颜清辉副局长出席全国医疗保障基金使用常态化监管培训班,2023-12-19,,"国家医保局-打击骗保 颜清辉副局长出席全国医疗保障基金使用常态化监管培训班
国家医保局-打击骗保 颜清辉副局长出席全国医疗保障基金使用常态化监管培训班",0,国家医疗保障局,,http://www.nhsa.gov.cn/art/2023/12/19/art_14_11755.html
REG_000128,regulation,国家医保局-打击骗保,颜清辉副局长赴云南省调研医保基金监管工作,2023-10-23,,"国家医保局-打击骗保 颜清辉副局长赴云南省调研医保基金监管工作
国家医保局-打击骗保 颜清辉副局长赴云南省调研医保基金监管工作",0,国家医疗保障局,云南,http://www.nhsa.gov.cn/art/2023/10/23/art_14_11421.html
REG_000129,regulation,国家医保局-打击骗保,国家医保局举办医疗保障基金监管智能审核和监控暨反欺诈大数据应用监管试...,2023-09-26,,"国家医保局-打击骗保 国家医保局举办医疗保障基金监管智能审核和监控暨反欺诈大数据应用监管试...
国家医保局-打击骗保 国家医保局举办医疗保障基金监管智能审核和监控暨反欺诈大数据应用监管试...",0,国家医疗保障局,,http://www.nhsa.gov.cn/art/2023/9/26/art_14_11332.html
REG_000130,regulation,国家医保局-打击骗保,2023年国家医疗保障基金飞行检查正式启动,2023-08-23,,"国家医保局-打击骗保 2023年国家医疗保障基金飞行检查正式启动
国家医保局-打击骗保 2023年国家医疗保障基金飞行检查正式启动",0,国家医疗保障局,,http://www.nhsa.gov.cn/art/2023/8/23/art_14_11191.html
REG_000131,regulation,国家医保局-打击骗保,颜清辉副局长赴山东调研医保基金监管工作,2023-07-24,,"国家医保局-打击骗保 颜清辉副局长赴山东调研医保基金监管工作
国家医保局-打击骗保 颜清辉副局长赴山东调研医保基金监管工作",0,国家医疗保障局,山东,http://www.nhsa.gov.cn/art/2023/7/24/art_14_11095.html
REG_000132,regulation,国家医保局-打击骗保,国家医保局举办2023年度医保基金飞行检查培训班,2023-07-21,,"国家医保局-打击骗保 国家医保局举办2023年度医保基金飞行检查培训班
国家医保局-打击骗保 国家医保局举办2023年度医保基金飞行检查培训班",0,国家医疗保障局,,http://www.nhsa.gov.cn/art/2023/7/21/art_14_11070.html
REG_000133,regulation,国家医保局-打击骗保,颜清辉副局长赴海南、广西调研医保基金智能监控工作,2023-06-20,,"国家医保局-打击骗保 颜清辉副局长赴海南、广西调研医保基金智能监控工作
国家医保局-打击骗保 颜清辉副局长赴海南、广西调研医保基金智能监控工作",0,国家医疗保障局,海南,http://www.nhsa.gov.cn/art/2023/6/20/art_14_10858.html
REG_000134,regulation,国家医保局-统计数据,2026年1-5月基本医疗保险统筹基金和生育保险主要指标,2026-01-05,,"国家医保局-统计数据 2026年1-5月基本医疗保险统筹基金和生育保险主要指标
国家医保局-统计数据 2026年1-5月基本医疗保险统筹基金和生育保险主要指标",0,国家医疗保障局,,https://www.nhsa.gov.cn/art/2026/6/12/art_7_20975.html
REG_000135,regulation,国家医保局-统计数据,2026年1-4月基本医疗保险统筹基金和生育保险主要指标,2026-01-04,,"国家医保局-统计数据 2026年1-4月基本医疗保险统筹基金和生育保险主要指标
国家医保局-统计数据 2026年1-4月基本医疗保险统筹基金和生育保险主要指标",0,国家医疗保障局,,https://www.nhsa.gov.cn/art/2026/5/25/art_7_20702.html
REG_000136,regulation,国家医保局-统计数据,2026年1-3月基本医疗保险统筹基金和生育保险主要指标,2026-01-03,,"国家医保局-统计数据 2026年1-3月基本医疗保险统筹基金和生育保险主要指标
国家医保局-统计数据 2026年1-3月基本医疗保险统筹基金和生育保险主要指标",0,国家医疗保障局,,https://www.nhsa.gov.cn/art/2026/4/24/art_7_20322.html
REG_000137,regulation,国家医保局-统计数据,2026年1-2月基本医疗保险统筹基金和生育保险主要指标,2026-01-02,,"国家医保局-统计数据 2026年1-2月基本医疗保险统筹基金和生育保险主要指标
国家医保局-统计数据 2026年1-2月基本医疗保险统筹基金和生育保险主要指标",0,国家医疗保障局,,https://www.nhsa.gov.cn/art/2026/3/24/art_7_20019.html
REG_000138,regulation,国家医保局-统计数据,2025年医疗保障事业发展统计快报,2026-03-16,,"国家医保局-统计数据 2025年医疗保障事业发展统计快报
国家医保局-统计数据 2025年医疗保障事业发展统计快报",0,国家医疗保障局,,https://www.nhsa.gov.cn/art/2026/3/16/art_7_19918.html
REG_000139,regulation,国家医保局-统计数据,2026年1月基本医疗保险统筹基金和生育保险主要指标,2026-03-09,,"国家医保局-统计数据 2026年1月基本医疗保险统筹基金和生育保险主要指标
国家医保局-统计数据 2026年1月基本医疗保险统筹基金和生育保险主要指标",0,国家医疗保障局,,https://www.nhsa.gov.cn/art/2026/3/9/art_7_19844.html
REG_000140,regulation,国家医保局-统计数据,2025年1-12月基本医疗保险统筹基金和生育保险主要指标,2025-01-12,,"国家医保局-统计数据 2025年1-12月基本医疗保险统筹基金和生育保险主要指标
国家医保局-统计数据 2025年1-12月基本医疗保险统筹基金和生育保险主要指标",0,国家医疗保障局,,https://www.nhsa.gov.cn/art/2026/1/30/art_7_19547.html
REG_000141,regulation,国家医保局-统计数据,2025年1-11月基本医疗保险统筹基金和生育保险主要指标,2025-01-11,,"国家医保局-统计数据 2025年1-11月基本医疗保险统筹基金和生育保险主要指标
国家医保局-统计数据 2025年1-11月基本医疗保险统筹基金和生育保险主要指标",0,国家医疗保障局,,https://www.nhsa.gov.cn/art/2025/12/29/art_7_19179.html
REG_000142,regulation,国家医保局-统计数据,2025年1-10月基本医疗保险统筹基金和生育保险主要指标,2025-01-10,,"国家医保局-统计数据 2025年1-10月基本医疗保险统筹基金和生育保险主要指标
国家医保局-统计数据 2025年1-10月基本医疗保险统筹基金和生育保险主要指标",0,国家医疗保障局,,https://www.nhsa.gov.cn/art/2025/11/27/art_7_18821.html
REG_000143,regulation,国家医保局-统计数据,2025年1-9月基本医疗保险统筹基金和生育保险主要指标,2025-01-09,,"国家医保局-统计数据 2025年1-9月基本医疗保险统筹基金和生育保险主要指标
国家医保局-统计数据 2025年1-9月基本医疗保险统筹基金和生育保险主要指标",0,国家医疗保障局,,https://www.nhsa.gov.cn/art/2025/10/31/art_7_18412.html
REG_000144,regulation,国家医保局-统计数据,2025年1-8月基本医疗保险统筹基金和生育保险主要指标,2025-01-08,,"国家医保局-统计数据 2025年1-8月基本医疗保险统筹基金和生育保险主要指标
国家医保局-统计数据 2025年1-8月基本医疗保险统筹基金和生育保险主要指标",0,国家医疗保障局,,https://www.nhsa.gov.cn/art/2025/9/22/art_7_17975.html
REG_000145,regulation,国家医保局-统计数据,2025年1-7月基本医疗保险统筹基金和生育保险主要指标,2025-01-07,,"国家医保局-统计数据 2025年1-7月基本医疗保险统筹基金和生育保险主要指标
国家医保局-统计数据 2025年1-7月基本医疗保险统筹基金和生育保险主要指标",0,国家医疗保障局,,https://www.nhsa.gov.cn/art/2025/8/27/art_7_17699.html
REG_000146,regulation,国家医保局-统计数据,2025年1-6月基本医疗保险统筹基金和生育保险主要指标,2025-01-06,,"国家医保局-统计数据 2025年1-6月基本医疗保险统筹基金和生育保险主要指标
国家医保局-统计数据 2025年1-6月基本医疗保险统筹基金和生育保险主要指标",0,国家医疗保障局,,https://www.nhsa.gov.cn/art/2025/7/25/art_7_17376.html
REG_000147,regulation,国家医保局-统计数据,2024年全国医疗保障事业发展统计公报,2025-07-14,,"国家医保局-统计数据 2024年全国医疗保障事业发展统计公报
国家医保局-统计数据 2024年全国医疗保障事业发展统计公报",0,国家医疗保障局,,https://www.nhsa.gov.cn/art/2025/7/14/art_7_17248.html
REG_000148,regulation,国家医保局-统计数据,2025年1-5月基本医疗保险统筹基金和生育保险主要指标,2025-01-05,,"国家医保局-统计数据 2025年1-5月基本医疗保险统筹基金和生育保险主要指标
国家医保局-统计数据 2025年1-5月基本医疗保险统筹基金和生育保险主要指标",0,国家医疗保障局,,https://www.nhsa.gov.cn/art/2025/6/27/art_7_17018.html
REG_000149,regulation,国家医保局-统计数据,2025年1-4月基本医疗保险统筹基金和生育保险主要指标,2025-01-04,,"国家医保局-统计数据 2025年1-4月基本医疗保险统筹基金和生育保险主要指标
国家医保局-统计数据 2025年1-4月基本医疗保险统筹基金和生育保险主要指标",0,国家医疗保障局,,https://www.nhsa.gov.cn/art/2025/5/26/art_7_16630.html
REG_000150,regulation,国家医保局-统计数据,2025年1-3月基本医疗保险统筹基金和生育保险主要指标,2025-01-03,,"国家医保局-统计数据 2025年1-3月基本医疗保险统筹基金和生育保险主要指标
国家医保局-统计数据 2025年1-3月基本医疗保险统筹基金和生育保险主要指标",0,国家医疗保障局,,https://www.nhsa.gov.cn/art/2025/5/9/art_7_16486.html
REG_000151,regulation,国家医保局-统计数据,2025年1-2月基本医疗保险统筹基金和生育保险主要指标,2025-01-02,,"国家医保局-统计数据 2025年1-2月基本医疗保险统筹基金和生育保险主要指标
国家医保局-统计数据 2025年1-2月基本医疗保险统筹基金和生育保险主要指标",0,国家医疗保障局,,https://www.nhsa.gov.cn/art/2025/3/25/art_7_16138.html
REG_000152,regulation,国家医保局-统计数据,2024年医疗保障事业发展统计快报,2025-03-21,,"国家医保局-统计数据 2024年医疗保障事业发展统计快报
国家医保局-统计数据 2024年医疗保障事业发展统计快报",0,国家医疗保障局,,https://www.nhsa.gov.cn/art/2025/3/21/art_7_16054.html
REG_000153,regulation,国家医保局-统计数据,2025年1月基本医疗保险统筹基金和生育保险主要指标,2025-02-24,,"国家医保局-统计数据 2025年1月基本医疗保险统筹基金和生育保险主要指标
国家医保局-统计数据 2025年1月基本医疗保险统筹基金和生育保险主要指标",0,国家医疗保障局,,https://www.nhsa.gov.cn/art/2025/2/24/art_7_15765.html
REG_000154,regulation,国家医保局-统计数据,2024年1-12月基本医疗保险统筹基金和生育保险主要指标,2024-01-12,,"国家医保局-统计数据 2024年1-12月基本医疗保险统筹基金和生育保险主要指标
国家医保局-统计数据 2024年1-12月基本医疗保险统筹基金和生育保险主要指标",0,国家医疗保障局,,https://www.nhsa.gov.cn/art/2025/1/24/art_7_15566.html
REG_000155,regulation,国家医保局-统计数据,2024年1-11月基本医疗保险统筹基金和生育保险主要指标,2024-01-11,,"国家医保局-统计数据 2024年1-11月基本医疗保险统筹基金和生育保险主要指标
国家医保局-统计数据 2024年1-11月基本医疗保险统筹基金和生育保险主要指标",0,国家医疗保障局,,https://www.nhsa.gov.cn/art/2024/12/27/art_7_15271.html
REG_000156,regulation,国家医保局-统计数据,2024年1-10月基本医疗保险统筹基金和生育保险主要指标,2024-01-10,,"国家医保局-统计数据 2024年1-10月基本医疗保险统筹基金和生育保险主要指标
国家医保局-统计数据 2024年1-10月基本医疗保险统筹基金和生育保险主要指标",0,国家医疗保障局,,https://www.nhsa.gov.cn/art/2024/11/22/art_7_14800.html
REG_000157,regulation,国家医保局-统计数据,2024年1-9月基本医疗保险统筹基金和生育保险主要指标,2024-01-09,,"国家医保局-统计数据 2024年1-9月基本医疗保险统筹基金和生育保险主要指标
国家医保局-统计数据 2024年1-9月基本医疗保险统筹基金和生育保险主要指标",0,国家医疗保障局,,https://www.nhsa.gov.cn/art/2024/11/22/art_7_14797.html
REG_000158,regulation,国家医保局-统计数据,2024年1-8月基本医疗保险统筹基金和生育保险主要指标,2024-01-08,,"国家医保局-统计数据 2024年1-8月基本医疗保险统筹基金和生育保险主要指标
国家医保局-统计数据 2024年1-8月基本医疗保险统筹基金和生育保险主要指标",0,国家医疗保障局,,https://www.nhsa.gov.cn/art/2024/11/22/art_7_14796.html
REG_000159,regulation,国家医保局-统计数据,2024年1-7月基本医疗保险统筹基金和生育保险主要指标,2024-01-07,,"国家医保局-统计数据 2024年1-7月基本医疗保险统筹基金和生育保险主要指标
国家医保局-统计数据 2024年1-7月基本医疗保险统筹基金和生育保险主要指标",0,国家医疗保障局,,https://www.nhsa.gov.cn/art/2024/9/2/art_7_13733.html
REG_000160,regulation,国家医保局-统计数据,2024年1-6月基本医疗保险统筹基金和生育保险主要指标,2024-01-06,,"国家医保局-统计数据 2024年1-6月基本医疗保险统筹基金和生育保险主要指标
国家医保局-统计数据 2024年1-6月基本医疗保险统筹基金和生育保险主要指标",0,国家医疗保障局,,https://www.nhsa.gov.cn/art/2024/8/5/art_7_13484.html
REG_000161,regulation,国家医保局-统计数据,2023年全国医疗保障事业发展统计公报,2024-07-25,,"国家医保局-统计数据 2023年全国医疗保障事业发展统计公报
国家医保局-统计数据 2023年全国医疗保障事业发展统计公报",0,国家医疗保障局,,https://www.nhsa.gov.cn/art/2024/7/25/art_7_13340.html
REG_000162,regulation,国家医保局-统计数据,2024年1-5月基本医疗保险统筹基金和生育保险主要指标,2024-01-05,,"国家医保局-统计数据 2024年1-5月基本医疗保险统筹基金和生育保险主要指标
国家医保局-统计数据 2024年1-5月基本医疗保险统筹基金和生育保险主要指标",0,国家医疗保障局,,https://www.nhsa.gov.cn/art/2024/6/27/art_7_13063.html
REG_000163,regulation,国家医保局-统计数据,2024年1-4月基本医疗保险统筹基金和生育保险主要指标,2024-01-04,,"国家医保局-统计数据 2024年1-4月基本医疗保险统筹基金和生育保险主要指标
国家医保局-统计数据 2024年1-4月基本医疗保险统筹基金和生育保险主要指标",0,国家医疗保障局,,https://www.nhsa.gov.cn/art/2024/5/31/art_7_12840.html
REG_000164,regulation,国家医保局-统计数据,2024年1-3月基本医疗保险统筹基金和生育保险主要指标,2024-01-03,,"国家医保局-统计数据 2024年1-3月基本医疗保险统筹基金和生育保险主要指标
国家医保局-统计数据 2024年1-3月基本医疗保险统筹基金和生育保险主要指标",0,国家医疗保障局,,https://www.nhsa.gov.cn/art/2024/4/30/art_7_12571.html
REG_000165,regulation,国家医保局-统计数据,2023年医疗保障事业发展统计快报,2024-04-11,,"国家医保局-统计数据 2023年医疗保障事业发展统计快报
国家医保局-统计数据 2023年医疗保障事业发展统计快报",0,国家医疗保障局,,https://www.nhsa.gov.cn/art/2024/4/11/art_7_12348.html
REG_000166,regulation,国家医保局-统计数据,2024年2月基本医疗保险统筹基金和生育保险主要指标,2024-04-03,,"国家医保局-统计数据 2024年2月基本医疗保险统筹基金和生育保险主要指标
国家医保局-统计数据 2024年2月基本医疗保险统筹基金和生育保险主要指标",0,国家医疗保障局,,https://www.nhsa.gov.cn/art/2024/4/3/art_7_12292.html
REG_000167,regulation,国家医保局-统计数据,2024年1月基本医疗保险统筹基金和生育保险主要指标,2024-03-12,,"国家医保局-统计数据 2024年1月基本医疗保险统筹基金和生育保险主要指标
国家医保局-统计数据 2024年1月基本医疗保险统筹基金和生育保险主要指标",0,国家医疗保障局,,https://www.nhsa.gov.cn/art/2024/3/12/art_7_12185.html
REG_000168,regulation,国家医保局-统计数据,2023年1-12月基本医疗保险和生育保险主要指标,2023-01-12,,"国家医保局-统计数据 2023年1-12月基本医疗保险和生育保险主要指标
国家医保局-统计数据 2023年1-12月基本医疗保险和生育保险主要指标",0,国家医疗保障局,,https://www.nhsa.gov.cn/art/2024/2/2/art_7_12062.html
REG_000169,regulation,国家医保局-统计数据,2023年1-11月基本医疗保险和生育保险主要指标,2023-01-11,,"国家医保局-统计数据 2023年1-11月基本医疗保险和生育保险主要指标
国家医保局-统计数据 2023年1-11月基本医疗保险和生育保险主要指标",0,国家医疗保障局,,https://www.nhsa.gov.cn/art/2023/12/25/art_7_11805.html
REG_000170,regulation,国家医保局-统计数据,2023年1-10月基本医疗保险和生育保险主要指标,2023-01-10,,"国家医保局-统计数据 2023年1-10月基本医疗保险和生育保险主要指标
国家医保局-统计数据 2023年1-10月基本医疗保险和生育保险主要指标",0,国家医疗保障局,,https://www.nhsa.gov.cn/art/2023/11/27/art_7_11559.html
REG_000171,regulation,国家医保局-统计数据,2023年1-9月基本医疗保险和生育保险运行情况,2023-01-09,,"国家医保局-统计数据 2023年1-9月基本医疗保险和生育保险运行情况
国家医保局-统计数据 2023年1-9月基本医疗保险和生育保险运行情况",0,国家医疗保障局,,https://www.nhsa.gov.cn/art/2023/10/25/art_7_11440.html
REG_000172,regulation,国家医保局-统计数据,2023年1-8月基本医疗保险和生育保险运行情况,2023-01-08,,"国家医保局-统计数据 2023年1-8月基本医疗保险和生育保险运行情况
国家医保局-统计数据 2023年1-8月基本医疗保险和生育保险运行情况",0,国家医疗保障局,,https://www.nhsa.gov.cn/art/2023/10/16/art_7_11381.html
REG_000173,regulation,国家医保局-统计数据,2023年1-7月基本医疗保险和生育保险运行情况,2023-01-07,,"国家医保局-统计数据 2023年1-7月基本医疗保险和生育保险运行情况
国家医保局-统计数据 2023年1-7月基本医疗保险和生育保险运行情况",0,国家医疗保障局,,https://www.nhsa.gov.cn/art/2023/9/14/art_7_11265.html
REG_000174,regulation,国家医保局-统计数据,2023年1-6月基本医疗保险和生育保险运行情况,2023-01-06,,"国家医保局-统计数据 2023年1-6月基本医疗保险和生育保险运行情况
国家医保局-统计数据 2023年1-6月基本医疗保险和生育保险运行情况",0,国家医疗保障局,,https://www.nhsa.gov.cn/art/2023/8/1/art_7_11122.html
REG_000175,regulation,国家医保局-统计数据,2022年全国医疗保障事业发展统计公报,2023-07-10,,"国家医保局-统计数据 2022年全国医疗保障事业发展统计公报
国家医保局-统计数据 2022年全国医疗保障事业发展统计公报",0,国家医疗保障局,,https://www.nhsa.gov.cn/art/2023/7/10/art_7_10995.html
REG_000176,regulation,国家医保局-统计数据,2023年1-5月基本医疗保险和生育保险运行情况,2023-01-05,,"国家医保局-统计数据 2023年1-5月基本医疗保险和生育保险运行情况
国家医保局-统计数据 2023年1-5月基本医疗保险和生育保险运行情况",0,国家医疗保障局,,https://www.nhsa.gov.cn/art/2023/6/28/art_7_10909.html
REG_000177,regulation,国家医保局-统计数据,2023年1-4月基本医疗保险和生育保险运行情况,2023-01-04,,"国家医保局-统计数据 2023年1-4月基本医疗保险和生育保险运行情况
国家医保局-统计数据 2023年1-4月基本医疗保险和生育保险运行情况",0,国家医疗保障局,,https://www.nhsa.gov.cn/art/2023/6/7/art_7_10768.html
REG_000178,regulation,国家医保局-统计数据,2023年1-3月基本医疗保险和生育保险运行情况,2023-01-03,,"国家医保局-统计数据 2023年1-3月基本医疗保险和生育保险运行情况
国家医保局-统计数据 2023年1-3月基本医疗保险和生育保险运行情况",0,国家医疗保障局,,https://www.nhsa.gov.cn/art/2023/5/5/art_7_10563.html
REG_000179,regulation,国家医保局-媒体报道,【央视新闻】实名购药、严禁AI替代审方 《处方药网络零售合规指南》发...,2026-05-25,,"国家医保局-媒体报道 【央视新闻】实名购药、严禁AI替代审方 《处方药网络零售合规指南》发...
国家医保局-媒体报道 【央视新闻】实名购药、严禁AI替代审方 《处方药网络零售合规指南》发...",0,国家医疗保障局,,http://www.nhsa.gov.cn/art/2026/5/25/art_14_20710.html
REG_000180,regulation,国家医保局-媒体报道,【央广网客户端】人工智能赋能长期照护体系建设 中国长护险智慧实践亮相...,2026-05-22,,"国家医保局-媒体报道 【央广网客户端】人工智能赋能长期照护体系建设 中国长护险智慧实践亮相...
国家医保局-媒体报道 【央广网客户端】人工智能赋能长期照护体系建设 中国长护险智慧实践亮相...",0,国家医疗保障局,,http://www.nhsa.gov.cn/art/2026/5/22/art_14_20588.html
REG_000181,regulation,国家医保局-媒体报道,【新华社】戴手套！“72小时可夺命”，又有人中招了,2026-05-07,,"国家医保局-媒体报道 【新华社】戴手套！“72小时可夺命”，又有人中招了
国家医保局-媒体报道 【新华社】戴手套！“72小时可夺命”，又有人中招了",0,国家医疗保障局,,http://www.nhsa.gov.cn/art/2026/5/7/art_14_20419.html
REG_000182,regulation,国家医保局-媒体报道,【央视新闻】医保卡变“购物卡”？揭秘药店串换药品的“两本账”,2026-04-29,,"国家医保局-媒体报道 【央视新闻】医保卡变“购物卡”？揭秘药店串换药品的“两本账”
国家医保局-媒体报道 【央视新闻】医保卡变“购物卡”？揭秘药店串换药品的“两本账”",0,国家医疗保障局,,http://www.nhsa.gov.cn/art/2026/4/29/art_14_20362.html
REG_000183,regulation,国家医保局-媒体报道,【央视新闻】多款降脂针纳入医保 哪些人适合使用？专家解答,2026-04-20,,"国家医保局-媒体报道 【央视新闻】多款降脂针纳入医保 哪些人适合使用？专家解答
国家医保局-媒体报道 【央视新闻】多款降脂针纳入医保 哪些人适合使用？专家解答",0,国家医疗保障局,,http://www.nhsa.gov.cn/art/2026/4/20/art_14_20258.html
REG_000184,regulation,国家医保局-媒体报道,【上观新闻 】上海侦破医保诈骗案60余起：“回流药”“空刷套现”涉嫌...,2026-04-18,,"国家医保局-媒体报道 【上观新闻 】上海侦破医保诈骗案60余起：“回流药”“空刷套现”涉嫌...
国家医保局-媒体报道 【上观新闻 】上海侦破医保诈骗案60余起：“回流药”“空刷套现”涉嫌...",0,国家医疗保障局,上海,http://www.nhsa.gov.cn/art/2026/4/18/art_14_20253.html
REG_000185,regulation,国家医保局-媒体报道,【济南日报】医保倾力相助，脑机接口正从“奇迹”走向“日常”,2026-04-16,,"国家医保局-媒体报道 【济南日报】医保倾力相助，脑机接口正从“奇迹”走向“日常”
国家医保局-媒体报道 【济南日报】医保倾力相助，脑机接口正从“奇迹”走向“日常”",0,国家医疗保障局,,http://www.nhsa.gov.cn/art/2026/4/16/art_14_20229.html
REG_000186,regulation,国家医保局-媒体报道,【人民日报客户端】医保基金新规给骗保划红线,2026-04-12,,"国家医保局-媒体报道 【人民日报客户端】医保基金新规给骗保划红线
国家医保局-媒体报道 【人民日报客户端】医保基金新规给骗保划红线",0,国家医疗保障局,,http://www.nhsa.gov.cn/art/2026/4/12/art_14_20184.html
REG_000187,regulation,国家医保局-媒体报道,【人民日报】48封手写感谢信，藏着杭州医保最暖的答案,2026-04-12,,"国家医保局-媒体报道 【人民日报】48封手写感谢信，藏着杭州医保最暖的答案
国家医保局-媒体报道 【人民日报】48封手写感谢信，藏着杭州医保最暖的答案",0,国家医疗保障局,,http://www.nhsa.gov.cn/art/2026/4/12/art_14_20181.html
REG_000188,regulation,国家医保局-媒体报道,【海南日报】海南长期护理保险4月1日起全面兑现待遇,2026-04-10,,"国家医保局-媒体报道 【海南日报】海南长期护理保险4月1日起全面兑现待遇
国家医保局-媒体报道 【海南日报】海南长期护理保险4月1日起全面兑现待遇",0,国家医疗保障局,海南,http://www.nhsa.gov.cn/art/2026/4/10/art_14_20162.html
REG_000189,regulation,国家医保局-媒体报道,【中国青年报】倒卖医保“回流药”历史顽疾得到有效遏制,2026-04-09,,"国家医保局-媒体报道 【中国青年报】倒卖医保“回流药”历史顽疾得到有效遏制
国家医保局-媒体报道 【中国青年报】倒卖医保“回流药”历史顽疾得到有效遏制",0,国家医疗保障局,,http://www.nhsa.gov.cn/art/2026/4/9/art_14_20147.html
REG_000190,regulation,国家医保局-媒体报道,【人民日报】加快建立长期护理保险制度,2026-03-30,,"国家医保局-媒体报道 【人民日报】加快建立长期护理保险制度
国家医保局-媒体报道 【人民日报】加快建立长期护理保险制度",0,国家医疗保障局,,http://www.nhsa.gov.cn/art/2026/3/30/art_14_20061.html
REG_000191,regulation,国家医保局-媒体报道,【央视新闻】“医保版”一揽子方案出炉 家门口医院如何成为首选,2026-03-22,,"国家医保局-媒体报道 【央视新闻】“医保版”一揽子方案出炉 家门口医院如何成为首选
国家医保局-媒体报道 【央视新闻】“医保版”一揽子方案出炉 家门口医院如何成为首选",0,国家医疗保障局,,http://www.nhsa.gov.cn/art/2026/3/22/art_14_19992.html
REG_000192,regulation,国家医保局-媒体报道,【央视网】得实惠、促发展、可持续 改革医保支付方式 “加减”之间答好...,2026-03-18,,"国家医保局-媒体报道 【央视网】得实惠、促发展、可持续 改革医保支付方式 “加减”之间答好...
国家医保局-媒体报道 【央视网】得实惠、促发展、可持续 改革医保支付方式 “加减”之间答好...",0,国家医疗保障局,,http://www.nhsa.gov.cn/art/2026/3/18/art_14_19952.html
REG_000193,regulation,国家医保局-媒体报道,【人民日报】透过医保年度统计快报，读懂健康中国的“人民”二字,2026-03-16,,"国家医保局-媒体报道 【人民日报】透过医保年度统计快报，读懂健康中国的“人民”二字
国家医保局-媒体报道 【人民日报】透过医保年度统计快报，读懂健康中国的“人民”二字",0,国家医疗保障局,,http://www.nhsa.gov.cn/art/2026/3/16/art_14_19927.html
REG_000194,regulation,国家医保局-媒体报道,【新华社】从有到优 医保账本里的“加减法”,2026-03-15,,"国家医保局-媒体报道 【新华社】从有到优 医保账本里的“加减法”
国家医保局-媒体报道 【新华社】从有到优 医保账本里的“加减法”",0,国家医疗保障局,,http://www.nhsa.gov.cn/art/2026/3/15/art_14_19916.html
REG_000195,regulation,国家医保局-媒体报道,【第一财经】“十五五”医药出海新格局：国家平台托举“中国药，全球卖”,2026-03-09,,"国家医保局-媒体报道 【第一财经】“十五五”医药出海新格局：国家平台托举“中国药，全球卖”
国家医保局-媒体报道 【第一财经】“十五五”医药出海新格局：国家平台托举“中国药，全球卖”",0,国家医疗保障局,,http://www.nhsa.gov.cn/art/2026/3/9/art_14_19834.html
REG_000196,regulation,国家医保局-媒体报道,【央视新闻】从“药农”到“卡头” 起底医保骗保产业链,2026-02-28,,"国家医保局-媒体报道 【央视新闻】从“药农”到“卡头” 起底医保骗保产业链
国家医保局-媒体报道 【央视新闻】从“药农”到“卡头” 起底医保骗保产业链",0,国家医疗保障局,,http://www.nhsa.gov.cn/art/2026/2/28/art_14_19754.html
REG_000197,regulation,国家医保局-媒体报道,【人民日报】好制度落地 需协同发力,2026-02-18,,"国家医保局-媒体报道 【人民日报】好制度落地 需协同发力
国家医保局-媒体报道 【人民日报】好制度落地 需协同发力",0,国家医疗保障局,,http://www.nhsa.gov.cn/art/2026/2/18/art_14_19694.html
REG_000198,regulation,国家医保局-媒体报道,【新华网】司普奇拜单抗慢性鼻窦炎伴鼻息肉适应症开出首批处方 开启患者...,2026-02-13,,"国家医保局-媒体报道 【新华网】司普奇拜单抗慢性鼻窦炎伴鼻息肉适应症开出首批处方 开启患者...
国家医保局-媒体报道 【新华网】司普奇拜单抗慢性鼻窦炎伴鼻息肉适应症开出首批处方 开启患者...",0,国家医疗保障局,,http://www.nhsa.gov.cn/art/2026/2/13/art_14_19678.html
REG_000199,regulation,国家医保局-媒体报道,【央视新闻】一公司15名员工13人生育 起底全链条造假骗取生育津贴大...,2026-01-28,,"国家医保局-媒体报道 【央视新闻】一公司15名员工13人生育 起底全链条造假骗取生育津贴大...
国家医保局-媒体报道 【央视新闻】一公司15名员工13人生育 起底全链条造假骗取生育津贴大...",0,国家医疗保障局,,http://www.nhsa.gov.cn/art/2026/1/28/art_14_19505.html
REG_000200,regulation,国家医保局-媒体报道,【北京新闻广播】国内首张海外版药品价格证明开出,2026-01-20,,"国家医保局-媒体报道 【北京新闻广播】国内首张海外版药品价格证明开出
国家医保局-媒体报道 【北京新闻广播】国内首张海外版药品价格证明开出",0,国家医疗保障局,北京,http://www.nhsa.gov.cn/art/2026/1/20/art_14_19415.html
REG_000201,regulation,国家医保局-媒体报道,【新京报】替妥尤单抗北京首张医保处方落地,2026-01-19,,"国家医保局-媒体报道 【新京报】替妥尤单抗北京首张医保处方落地
国家医保局-媒体报道 【新京报】替妥尤单抗北京首张医保处方落地",0,国家医疗保障局,北京,http://www.nhsa.gov.cn/art/2026/1/19/art_14_19409.html
REG_000202,regulation,国家医保局-媒体报道,【湖北日报】国产抗癌创新药入医保开出湖北首针 三阴性乳腺癌患者以千元...,2026-01-16,,"国家医保局-媒体报道 【湖北日报】国产抗癌创新药入医保开出湖北首针 三阴性乳腺癌患者以千元...
国家医保局-媒体报道 【湖北日报】国产抗癌创新药入医保开出湖北首针 三阴性乳腺癌患者以千元...",0,国家医疗保障局,湖北,http://www.nhsa.gov.cn/art/2026/1/16/art_14_19368.html
REG_000203,regulation,国家医保局-媒体报道,【人民日报】人民日报头版：心之所系、行之所至,2026-01-10,,"国家医保局-媒体报道 【人民日报】人民日报头版：心之所系、行之所至
国家医保局-媒体报道 【人民日报】人民日报头版：心之所系、行之所至",0,国家医疗保障局,,http://www.nhsa.gov.cn/art/2026/1/10/art_14_19322.html
REG_000204,regulation,国家医保局-媒体报道,【福州日报】有福之州 安育福娃,2025-12-31,,"国家医保局-媒体报道 【福州日报】有福之州 安育福娃
国家医保局-媒体报道 【福州日报】有福之州 安育福娃",0,国家医疗保障局,,http://www.nhsa.gov.cn/art/2025/12/31/art_14_19191.html
REG_000205,regulation,国家医保局-媒体报道,【人民日报】人民日报：守护失能群体，让长护险服务更有力,2025-12-29,,"国家医保局-媒体报道 【人民日报】人民日报：守护失能群体，让长护险服务更有力
国家医保局-媒体报道 【人民日报】人民日报：守护失能群体，让长护险服务更有力",0,国家医疗保障局,,http://www.nhsa.gov.cn/art/2025/12/29/art_14_19187.html
REG_000206,regulation,国家医保局-媒体报道,【人民日报】人民日报：推进基本医保省级统筹,2025-12-26,,"国家医保局-媒体报道 【人民日报】人民日报：推进基本医保省级统筹
国家医保局-媒体报道 【人民日报】人民日报：推进基本医保省级统筹",0,国家医疗保障局,,http://www.nhsa.gov.cn/art/2025/12/26/art_14_19144.html
REG_000207,regulation,国家医保局-媒体报道,【央视新闻】央视新闻：看病无需再拎着“一袋胶片”！全国“医保影像云”...,2025-12-20,,"国家医保局-媒体报道 【央视新闻】央视新闻：看病无需再拎着“一袋胶片”！全国“医保影像云”...
国家医保局-媒体报道 【央视新闻】央视新闻：看病无需再拎着“一袋胶片”！全国“医保影像云”...",0,国家医疗保障局,,http://www.nhsa.gov.cn/art/2025/12/20/art_14_19103.html
REG_000208,regulation,国家医保局-媒体报道,【新华社客户端】新华社：最大医保网，筑牢“健康中国”底盘,2025-12-17,,"国家医保局-媒体报道 【新华社客户端】新华社：最大医保网，筑牢“健康中国”底盘
国家医保局-媒体报道 【新华社客户端】新华社：最大医保网，筑牢“健康中国”底盘",0,国家医疗保障局,,http://www.nhsa.gov.cn/art/2025/12/17/art_14_19046.html
REG_000209,regulation,国家医保局-媒体报道,【连云港日报】免申即享！连云港市已惠及 7879 人次,2025-12-16,,"国家医保局-媒体报道 【连云港日报】免申即享！连云港市已惠及 7879 人次
国家医保局-媒体报道 【连云港日报】免申即享！连云港市已惠及 7879 人次",0,国家医疗保障局,,http://www.nhsa.gov.cn/art/2025/12/16/art_14_19044.html
REG_000210,regulation,国家医保局-媒体报道,【新华网客户端】多省同步开考！长期照护师是什么？怎么考？一图读懂,2025-12-14,,"国家医保局-媒体报道 【新华网客户端】多省同步开考！长期照护师是什么？怎么考？一图读懂
国家医保局-媒体报道 【新华网客户端】多省同步开考！长期照护师是什么？怎么考？一图读懂",0,国家医疗保障局,,http://www.nhsa.gov.cn/art/2025/12/14/art_14_19017.html
REG_000211,regulation,国家医保局-媒体报道,【湖北日报】异地就诊免重复拍片：湖北启动所有市州医保影像云跨省调阅,2025-12-13,,"国家医保局-媒体报道 【湖北日报】异地就诊免重复拍片：湖北启动所有市州医保影像云跨省调阅
国家医保局-媒体报道 【湖北日报】异地就诊免重复拍片：湖北启动所有市州医保影像云跨省调阅",0,国家医疗保障局,湖北,http://www.nhsa.gov.cn/art/2025/12/13/art_14_19014.html
REG_000212,regulation,国家医保局-媒体报道,【新华社】新华社 | 浙江省首届长期护理保险职业技能竞赛在嘉兴举行,2025-12-05,,"国家医保局-媒体报道 【新华社】新华社 | 浙江省首届长期护理保险职业技能竞赛在嘉兴举行
国家医保局-媒体报道 【新华社】新华社 | 浙江省首届长期护理保险职业技能竞赛在嘉兴举行",0,国家医疗保障局,浙江,http://www.nhsa.gov.cn/art/2025/12/5/art_14_18957.html
REG_000213,regulation,国家医保局-媒体报道,【湖北日报】我国首例执行政府指导价脑机接口手术在武汉实施,2025-12-05,,"国家医保局-媒体报道 【湖北日报】我国首例执行政府指导价脑机接口手术在武汉实施
国家医保局-媒体报道 【湖北日报】我国首例执行政府指导价脑机接口手术在武汉实施",0,国家医疗保障局,湖北,http://www.nhsa.gov.cn/art/2025/12/5/art_14_18951.html
REG_000214,regulation,国家医保局-媒体报道,【新华社】新华社：健全多层次医疗保障体系 筑牢民生保障底线——访国家...,2025-12-04,,"国家医保局-媒体报道 【新华社】新华社：健全多层次医疗保障体系 筑牢民生保障底线——访国家...
国家医保局-媒体报道 【新华社】新华社：健全多层次医疗保障体系 筑牢民生保障底线——访国家...",0,国家医疗保障局,,http://www.nhsa.gov.cn/art/2025/12/4/art_14_18943.html
REG_000215,regulation,国家医保局-媒体报道,【央视网】焦点访谈：小诊所里藏“猫腻”,2025-11-28,,"国家医保局-媒体报道 【央视网】焦点访谈：小诊所里藏“猫腻”
国家医保局-媒体报道 【央视网】焦点访谈：小诊所里藏“猫腻”",0,国家医疗保障局,,http://www.nhsa.gov.cn/art/2025/11/28/art_14_18878.html
REG_000216,regulation,国家医保局-媒体报道,【人民日报客户端】建立长期护理保险制度是一项民生工程,2025-11-20,,"国家医保局-媒体报道 【人民日报客户端】建立长期护理保险制度是一项民生工程
国家医保局-媒体报道 【人民日报客户端】建立长期护理保险制度是一项民生工程",0,国家医疗保障局,,http://www.nhsa.gov.cn/art/2025/11/20/art_14_18718.html
REG_000217,regulation,国家医保局-媒体报道,【人民日报】长护险守护失能人群幸福,2025-11-20,,"国家医保局-媒体报道 【人民日报】长护险守护失能人群幸福
国家医保局-媒体报道 【人民日报】长护险守护失能人群幸福",0,国家医疗保障局,,http://www.nhsa.gov.cn/art/2025/11/20/art_14_18716.html
REG_000218,regulation,国家医保局-媒体报道,【人民日报】长护险托底，生活更添尊严,2025-11-18,,"国家医保局-媒体报道 【人民日报】长护险托底，生活更添尊严
国家医保局-媒体报道 【人民日报】长护险托底，生活更添尊严",0,国家医疗保障局,,http://www.nhsa.gov.cn/art/2025/11/18/art_14_18703.html
REG_000219,regulation,国家医保局-媒体报道,【央视新闻客户端】25个省份实现生育津贴直发个人,2025-11-15,,"国家医保局-媒体报道 【央视新闻客户端】25个省份实现生育津贴直发个人
国家医保局-媒体报道 【央视新闻客户端】25个省份实现生育津贴直发个人",0,国家医疗保障局,,http://www.nhsa.gov.cn/art/2025/11/15/art_14_18670.html
REG_000220,regulation,国家医保局-媒体报道,【央视新闻客户端】辅助生殖纳入医保 已惠及超百万人次,2025-11-15,,"国家医保局-媒体报道 【央视新闻客户端】辅助生殖纳入医保 已惠及超百万人次
国家医保局-媒体报道 【央视新闻客户端】辅助生殖纳入医保 已惠及超百万人次",0,国家医疗保障局,,http://www.nhsa.gov.cn/art/2025/11/15/art_14_18668.html
REG_000221,regulation,国家医保局-媒体报道,【人民日报健康客户端】2025年度医保谈判收官：对真创新表达“真支持...,2025-11-07,,"国家医保局-媒体报道 【人民日报健康客户端】2025年度医保谈判收官：对真创新表达“真支持...
国家医保局-媒体报道 【人民日报健康客户端】2025年度医保谈判收官：对真创新表达“真支持...",0,国家医疗保障局,,http://www.nhsa.gov.cn/art/2025/11/7/art_14_18559.html
REG_000222,regulation,国家医保局-媒体报道,【人民日报】人民日报：药品集采，新规则带来新变化,2025-11-05,,"国家医保局-媒体报道 【人民日报】人民日报：药品集采，新规则带来新变化
国家医保局-媒体报道 【人民日报】人民日报：药品集采，新规则带来新变化",0,国家医疗保障局,,http://www.nhsa.gov.cn/art/2025/11/5/art_14_18478.html
REG_000223,regulation,国家医保局-媒体报道,【新华社】学习贯彻党的二十届四中全会精神中央宣讲团报告会在国家卫生健...,2025-10-31,,"国家医保局-媒体报道 【新华社】学习贯彻党的二十届四中全会精神中央宣讲团报告会在国家卫生健...
国家医保局-媒体报道 【新华社】学习贯彻党的二十届四中全会精神中央宣讲团报告会在国家卫生健...",0,国家医疗保障局,,http://www.nhsa.gov.cn/art/2025/10/31/art_14_18408.html
REG_000224,regulation,国家医保局-政策法规,关于印发2026年纠正医药购销领域和医疗服务中不正之风工作要点的通知,2026-06-09,,"国家医保局-政策法规 关于印发2026年纠正医药购销领域和医疗服务中不正之风工作要点的通知
国家医保局-政策法规 关于印发2026年纠正医药购销领域和医疗服务中不正之风工作要点的通知",0,国家医疗保障局,,https://www.nhsa.gov.cn/art/2026/6/9/art_53_20893.html
REG_000225,regulation,国家医保局-政策法规,国家医保局办公室 财政部办公厅关于印发《职工基本医疗保险个人账户跨省...,2026-06-05,,"国家医保局-政策法规 国家医保局办公室 财政部办公厅关于印发《职工基本医疗保险个人账户跨省...
国家医保局-政策法规 国家医保局办公室 财政部办公厅关于印发《职工基本医疗保险个人账户跨省...",0,国家医疗保障局,,https://www.nhsa.gov.cn/art/2026/6/5/art_53_20859.html
REG_000226,regulation,国家医保局-政策法规,国务院关于推行常住地提供基本公共服务的实施意见,2026-05-27,,"国家医保局-政策法规 国务院关于推行常住地提供基本公共服务的实施意见
国家医保局-政策法规 国务院关于推行常住地提供基本公共服务的实施意见",0,国家医疗保障局,,https://www.nhsa.gov.cn/art/2026/5/27/art_53_20752.html
REG_000227,regulation,国家医保局-政策法规,国家医保局办公室 财政部办公厅关于进一步加强定点零售药店职工基本医疗...,2026-05-19,,"国家医保局-政策法规 国家医保局办公室 财政部办公厅关于进一步加强定点零售药店职工基本医疗...
国家医保局-政策法规 国家医保局办公室 财政部办公厅关于进一步加强定点零售药店职工基本医疗...",0,国家医疗保障局,,https://www.nhsa.gov.cn/art/2026/5/19/art_53_20546.html
REG_000228,regulation,国家医保局-政策法规,关于改革完善儿童用药供应保障机制的实施意见,2026-05-15,,"国家医保局-政策法规 关于改革完善儿童用药供应保障机制的实施意见
国家医保局-政策法规 关于改革完善儿童用药供应保障机制的实施意见",0,国家医疗保障局,,https://www.nhsa.gov.cn/art/2026/5/15/art_53_20518.html
REG_000229,regulation,国家医保局-政策法规,国家药品监督管理局 公安部 国家卫生健康委员会 国家市场监督管理总局...,2026-05-15,,"国家医保局-政策法规 国家药品监督管理局 公安部 国家卫生健康委员会 国家市场监督管理总局...
国家医保局-政策法规 国家药品监督管理局 公安部 国家卫生健康委员会 国家市场监督管理总局...",0,国家医疗保障局,,https://www.nhsa.gov.cn/art/2026/5/15/art_53_20514.html
REG_000230,regulation,国家医保局-政策法规,国家医疗保障局关于印发《医疗保障基金监督检查五年行动计划（2026年...,2026-05-13,,"国家医保局-政策法规 国家医疗保障局关于印发《医疗保障基金监督检查五年行动计划（2026年...
国家医保局-政策法规 国家医疗保障局关于印发《医疗保障基金监督检查五年行动计划（2026年...",0,国家医疗保障局,,https://www.nhsa.gov.cn/art/2026/5/13/art_53_20495.html
REG_000231,regulation,国家医保局-政策法规,国家医疗保障局办公室关于印发《医保医用设备（成像类）编码规则和方法》...,2026-05-11,,"国家医保局-政策法规 国家医疗保障局办公室关于印发《医保医用设备（成像类）编码规则和方法》...
国家医保局-政策法规 国家医疗保障局办公室关于印发《医保医用设备（成像类）编码规则和方法》...",0,国家医疗保障局,,https://www.nhsa.gov.cn/art/2026/5/11/art_53_20460.html
REG_000232,regulation,国家医保局-政策法规,国务院办公厅关于健全药品价格形成机制的若干意见,2026-04-14,,"国家医保局-政策法规 国务院办公厅关于健全药品价格形成机制的若干意见
国家医保局-政策法规 国务院办公厅关于健全药品价格形成机制的若干意见",0,国家医疗保障局,,https://www.nhsa.gov.cn/art/2026/4/14/art_53_20215.html
REG_000233,regulation,国家医保局-政策法规,国家医保局 民政部 财政部 人力资源社会保障部 农业农村部 国家卫生...,2026-03-26,,"国家医保局-政策法规 国家医保局 民政部 财政部 人力资源社会保障部 农业农村部 国家卫生...
国家医保局-政策法规 国家医保局 民政部 财政部 人力资源社会保障部 农业农村部 国家卫生...",0,国家医疗保障局,,https://www.nhsa.gov.cn/art/2026/3/26/art_53_20040.html
REG_000234,regulation,国家医保局-政策法规,国家医保局 国家发展改革委 国家卫生健康委关于医保支持基层医疗卫生服...,2026-03-16,,"国家医保局-政策法规 国家医保局 国家发展改革委 国家卫生健康委关于医保支持基层医疗卫生服...
国家医保局-政策法规 国家医保局 国家发展改革委 国家卫生健康委关于医保支持基层医疗卫生服...",0,国家医疗保障局,,https://www.nhsa.gov.cn/art/2026/3/16/art_53_19932.html
REG_000235,regulation,国家医保局-政策法规,国家医疗保障局办公室关于印发《医保领域“高效办成一件事”2026年度...,2026-02-10,,"国家医保局-政策法规 国家医疗保障局办公室关于印发《医保领域“高效办成一件事”2026年度...
国家医保局-政策法规 国家医疗保障局办公室关于印发《医保领域“高效办成一件事”2026年度...",0,国家医疗保障局,,https://www.nhsa.gov.cn/art/2026/2/10/art_53_19640.html
REG_000236,regulation,国家医保局-政策法规,国家医保局关于加快医疗保障领域场景培育和开放 支持新场景大规模应用的...,2026-02-05,,"国家医保局-政策法规 国家医保局关于加快医疗保障领域场景培育和开放 支持新场景大规模应用的...
国家医保局-政策法规 国家医保局关于加快医疗保障领域场景培育和开放 支持新场景大规模应用的...",0,国家医疗保障局,,https://www.nhsa.gov.cn/art/2026/2/5/art_53_19591.html
REG_000237,regulation,国家医保局-政策法规,国家医疗保障局关于做好2026年医疗保障基金监管工作的通知,2026-02-02,,"国家医保局-政策法规 国家医疗保障局关于做好2026年医疗保障基金监管工作的通知
国家医保局-政策法规 国家医疗保障局关于做好2026年医疗保障基金监管工作的通知",0,国家医疗保障局,,https://www.nhsa.gov.cn/art/2026/2/2/art_53_19557.html
REG_000238,regulation,国家医保局-政策法规,关于印发《〈社会保险基金会计制度〉补充规定》的通知,2026-01-30,,"国家医保局-政策法规 关于印发《〈社会保险基金会计制度〉补充规定》的通知
国家医保局-政策法规 关于印发《〈社会保险基金会计制度〉补充规定》的通知",0,国家医疗保障局,,https://www.nhsa.gov.cn/art/2026/1/30/art_53_19541.html
REG_000239,regulation,国家医保局-政策法规,国家医保局办公室 国家中医药局综合司关于确定中医优势病种按病种付费试...,2026-01-29,,"国家医保局-政策法规 国家医保局办公室 国家中医药局综合司关于确定中医优势病种按病种付费试...
国家医保局-政策法规 国家医保局办公室 国家中医药局综合司关于确定中医优势病种按病种付费试...",0,国家医疗保障局,,https://www.nhsa.gov.cn/art/2026/1/29/art_53_19508.html
REG_000240,regulation,国家医保局-政策法规,国家医保局 财政部关于做好职工基本医疗保险个人账户跨省共济工作的通知,2026-01-09,,"国家医保局-政策法规 国家医保局 财政部关于做好职工基本医疗保险个人账户跨省共济工作的通知
国家医保局-政策法规 国家医保局 财政部关于做好职工基本医疗保险个人账户跨省共济工作的通知",0,国家医疗保障局,,https://www.nhsa.gov.cn/art/2026/1/9/art_53_19294.html
REG_000241,regulation,国家医保局-政策法规,国家医保局 人力资源社会保障部关于印发《国家基本医疗保险、生育保险和...,2025-12-07,,"国家医保局-政策法规 国家医保局 人力资源社会保障部关于印发《国家基本医疗保险、生育保险和...
国家医保局-政策法规 国家医保局 人力资源社会保障部关于印发《国家基本医疗保险、生育保险和...",0,国家医疗保障局,,https://www.nhsa.gov.cn/art/2025/12/7/art_53_18971.html
REG_000242,regulation,国家医保局-政策法规,国家医疗保障局办公室关于印发《长期护理保险服务管理文书（2026年版...,2025-12-01,,"国家医保局-政策法规 国家医疗保障局办公室关于印发《长期护理保险服务管理文书（2026年版...
国家医保局-政策法规 国家医疗保障局办公室关于印发《长期护理保险服务管理文书（2026年版...",0,国家医疗保障局,,https://www.nhsa.gov.cn/art/2025/12/1/art_53_18900.html
REG_000243,regulation,国家医保局-政策法规,国家医疗保障局办公室关于开展医保经办全流程智能审核试点工作的通知,2025-11-06,,"国家医保局-政策法规 国家医疗保障局办公室关于开展医保经办全流程智能审核试点工作的通知
国家医保局-政策法规 国家医疗保障局办公室关于开展医保经办全流程智能审核试点工作的通知",0,国家医疗保障局,,https://www.nhsa.gov.cn/art/2025/11/6/art_53_18541.html
REG_000244,regulation,国家医保局-政策法规,国家医疗保障局办公室关于进一步加强超量开药智能监管工作的通知,2025-11-03,,"国家医保局-政策法规 国家医疗保障局办公室关于进一步加强超量开药智能监管工作的通知
国家医保局-政策法规 国家医疗保障局办公室关于进一步加强超量开药智能监管工作的通知",0,国家医疗保障局,,https://www.nhsa.gov.cn/art/2025/11/3/art_53_18456.html
REG_000245,regulation,国家医保局-政策法规,国家医疗保障局办公室关于全面推进医保基金即时结算改革扩面提质的通知,2025-10-16,,"国家医保局-政策法规 国家医疗保障局办公室关于全面推进医保基金即时结算改革扩面提质的通知
国家医保局-政策法规 国家医疗保障局办公室关于全面推进医保基金即时结算改革扩面提质的通知",0,国家医疗保障局,,https://www.nhsa.gov.cn/art/2025/10/16/art_53_18221.html
REG_000246,regulation,国家医保局-政策法规,国家医保局办公室 国家中医药局综合司关于开展中医优势病种按病种付费试...,2025-10-09,,"国家医保局-政策法规 国家医保局办公室 国家中医药局综合司关于开展中医优势病种按病种付费试...
国家医保局-政策法规 国家医保局办公室 国家中医药局综合司关于开展中医优势病种按病种付费试...",0,国家医疗保障局,,https://www.nhsa.gov.cn/art/2025/10/9/art_53_18146.html
REG_000247,regulation,国家医保局-政策法规,国家医疗保障局关于印发《国家长期护理保险服务项目目录（试行）》的通知,2025-09-25,,"国家医保局-政策法规 国家医疗保障局关于印发《国家长期护理保险服务项目目录（试行）》的通知
国家医保局-政策法规 国家医疗保障局关于印发《国家长期护理保险服务项目目录（试行）》的通知",0,国家医疗保障局,,https://www.nhsa.gov.cn/art/2025/9/25/art_53_18021.html
REG_000248,regulation,国家医保局-政策法规,国家医疗保障局办公室关于编发各地医保部门落实定点医药机构相关人员医保...,2025-09-14,,"国家医保局-政策法规 国家医疗保障局办公室关于编发各地医保部门落实定点医药机构相关人员医保...
国家医保局-政策法规 国家医疗保障局办公室关于编发各地医保部门落实定点医药机构相关人员医保...",0,国家医疗保障局,,https://www.nhsa.gov.cn/art/2025/9/14/art_53_17880.html
REG_000249,regulation,国家医保局-政策法规,国家医疗保障局关于印发《医疗保障按病种付费管理暂行办法》的通知,2025-08-15,,"国家医保局-政策法规 国家医疗保障局关于印发《医疗保障按病种付费管理暂行办法》的通知
国家医保局-政策法规 国家医疗保障局关于印发《医疗保障按病种付费管理暂行办法》的通知",0,国家医疗保障局,,https://www.nhsa.gov.cn/art/2025/8/15/art_53_17574.html
REG_000250,regulation,国家医保局-政策法规,国家医疗保障局办公室关于印发《基本医保基金即时结算经办规程（试行）》...,2025-07-31,,"国家医保局-政策法规 国家医疗保障局办公室关于印发《基本医保基金即时结算经办规程（试行）》...
国家医保局-政策法规 国家医疗保障局办公室关于印发《基本医保基金即时结算经办规程（试行）》...",0,国家医疗保障局,,https://www.nhsa.gov.cn/art/2025/7/31/art_53_17448.html
REG_000251,regulation,国家医保局-政策法规,国家医疗保障局办公室关于公布智能监管改革试点地区和试点单位的通知,2025-07-23,,"国家医保局-政策法规 国家医疗保障局办公室关于公布智能监管改革试点地区和试点单位的通知
国家医保局-政策法规 国家医疗保障局办公室关于公布智能监管改革试点地区和试点单位的通知",0,国家医疗保障局,,https://www.nhsa.gov.cn/art/2025/7/23/art_53_17361.html
REG_000252,regulation,国家医保局-政策法规,国家医保局 国家卫生健康委关于印发《支持创新药高质量发展的若干措施》...,2025-07-01,,"国家医保局-政策法规 国家医保局 国家卫生健康委关于印发《支持创新药高质量发展的若干措施》...
国家医保局-政策法规 国家医保局 国家卫生健康委关于印发《支持创新药高质量发展的若干措施》...",0,国家医疗保障局,,https://www.nhsa.gov.cn/art/2025/7/1/art_53_17059.html
REG_000253,regulation,国家医保局-政策法规,国家医疗保障局关于进一步加强医疗保障定点医疗机构管理的通知,2025-06-24,,"国家医保局-政策法规 国家医疗保障局关于进一步加强医疗保障定点医疗机构管理的通知
国家医保局-政策法规 国家医疗保障局关于进一步加强医疗保障定点医疗机构管理的通知",0,国家医疗保障局,,https://www.nhsa.gov.cn/art/2025/6/24/art_53_16989.html
REG_000254,regulation,国家医保局-政策法规,国家医疗保障局办公室关于优化医疗服务价格管理流程的通知,2025-06-24,,"国家医保局-政策法规 国家医疗保障局办公室关于优化医疗服务价格管理流程的通知
国家医保局-政策法规 国家医疗保障局办公室关于优化医疗服务价格管理流程的通知",0,国家医疗保障局,,https://www.nhsa.gov.cn/art/2025/6/24/art_53_16976.html
REG_000255,regulation,国家医保局-政策法规,国家医疗保障局办公室关于进一步完善医药价格和招采信用评价制度的通知,2025-06-05,,"国家医保局-政策法规 国家医疗保障局办公室关于进一步完善医药价格和招采信用评价制度的通知
国家医保局-政策法规 国家医疗保障局办公室关于进一步完善医药价格和招采信用评价制度的通知",0,国家医疗保障局,,https://www.nhsa.gov.cn/art/2025/6/5/art_53_16741.html
REG_000256,regulation,国家医保局-政策法规,国家医疗保障局办公室关于开展智能监管改革试点的通知,2025-04-25,,"国家医保局-政策法规 国家医疗保障局办公室关于开展智能监管改革试点的通知
国家医保局-政策法规 国家医疗保障局办公室关于开展智能监管改革试点的通知",0,国家医疗保障局,,https://www.nhsa.gov.cn/art/2025/4/25/art_53_16364.html
REG_000257,regulation,国家医保局-政策法规,国家医保局等部门关于做好当前长期照护师培养培训工作的通知,2025-04-24,,"国家医保局-政策法规 国家医保局等部门关于做好当前长期照护师培养培训工作的通知
国家医保局-政策法规 国家医保局等部门关于做好当前长期照护师培养培训工作的通知",0,国家医疗保障局,,https://www.nhsa.gov.cn/art/2025/4/24/art_53_16356.html
REG_000258,regulation,国家医保局-政策法规,国家医疗保障局办公室关于开展医保影像云索引上传试点工作的通知,2025-04-21,,"国家医保局-政策法规 国家医疗保障局办公室关于开展医保影像云索引上传试点工作的通知
国家医保局-政策法规 国家医疗保障局办公室关于开展医保影像云索引上传试点工作的通知",0,国家医疗保障局,,https://www.nhsa.gov.cn/art/2025/4/21/art_53_16322.html
REG_000259,regulation,国家医保局-政策法规,国家医保局 人力资源社会保障部 国家卫生健康委 国家药监局关于加强药...,2025-03-19,,"国家医保局-政策法规 国家医保局 人力资源社会保障部 国家卫生健康委 国家药监局关于加强药...
国家医保局-政策法规 国家医保局 人力资源社会保障部 国家卫生健康委 国家药监局关于加强药...",0,国家医疗保障局,,https://www.nhsa.gov.cn/art/2025/3/19/art_53_16046.html
REG_000260,regulation,国家医保局-政策法规,国家医疗保障局办公室关于印发《医保领域“高效办成一件事”2025年度...,2025-02-14,,"国家医保局-政策法规 国家医疗保障局办公室关于印发《医保领域“高效办成一件事”2025年度...
国家医保局-政策法规 国家医疗保障局办公室关于印发《医保领域“高效办成一件事”2025年度...",0,国家医疗保障局,,https://www.nhsa.gov.cn/art/2025/2/14/art_53_15692.html
REG_000261,regulation,国家医保局-政策法规,国家医疗保障局办公室关于印发《按病种付费医疗保障经办管理规程（202...,2025-01-27,,"国家医保局-政策法规 国家医疗保障局办公室关于印发《按病种付费医疗保障经办管理规程（202...
国家医保局-政策法规 国家医疗保障局办公室关于印发《按病种付费医疗保障经办管理规程（202...",0,国家医疗保障局,,https://www.nhsa.gov.cn/art/2025/1/27/art_53_15590.html
REG_000262,regulation,国家医保局-政策法规,关于有序推进省内异地就医住院费用纳入按病种付费管理的通知,2025-01-27,,"国家医保局-政策法规 关于有序推进省内异地就医住院费用纳入按病种付费管理的通知
国家医保局-政策法规 关于有序推进省内异地就医住院费用纳入按病种付费管理的通知",0,国家医疗保障局,,https://www.nhsa.gov.cn/art/2025/1/27/art_53_15588.html
REG_000263,regulation,国家医保局-政策法规,国家医疗保障局办公室关于建立医保数据工作组更好赋能医疗机构发展的通知,2025-01-23,,"国家医保局-政策法规 国家医疗保障局办公室关于建立医保数据工作组更好赋能医疗机构发展的通知
国家医保局-政策法规 国家医疗保障局办公室关于建立医保数据工作组更好赋能医疗机构发展的通知",0,国家医疗保障局,,https://www.nhsa.gov.cn/art/2025/1/23/art_53_15544.html
REG_000264,regulation,国家医保局-政策法规,国家医疗保障局办公室关于推进基本医保基金即时结算改革的通知,2025-01-16,,"国家医保局-政策法规 国家医疗保障局办公室关于推进基本医保基金即时结算改革的通知
国家医保局-政策法规 国家医疗保障局办公室关于推进基本医保基金即时结算改革的通知",0,国家医疗保障局,,https://www.nhsa.gov.cn/art/2025/1/16/art_53_15486.html
REG_000265,regulation,国家医保局-政策法规,国家医疗保障局关于开展2025年定点医药机构违法违规使用医保基金自查...,2025-01-11,,"国家医保局-政策法规 国家医疗保障局关于开展2025年定点医药机构违法违规使用医保基金自查...
国家医保局-政策法规 国家医疗保障局关于开展2025年定点医药机构违法违规使用医保基金自查...",0,国家医疗保障局,,https://www.nhsa.gov.cn/art/2025/1/11/art_53_15439.html
REG_000266,regulation,国家医保局-政策法规,国家医疗保障局办公室关于印发《医疗保障定点医药机构相关人员医保支付资...,2025-01-08,,"国家医保局-政策法规 国家医疗保障局办公室关于印发《医疗保障定点医药机构相关人员医保支付资...
国家医保局-政策法规 国家医疗保障局办公室关于印发《医疗保障定点医药机构相关人员医保支付资...",0,国家医疗保障局,,https://www.nhsa.gov.cn/art/2025/1/8/art_53_15408.html
REG_000267,regulation,国家医保局-政策法规,国家医疗保障局办公室关于进一步加强劳动者医疗保障权益维护工作的通知,2025-01-07,,"国家医保局-政策法规 国家医疗保障局办公室关于进一步加强劳动者医疗保障权益维护工作的通知
国家医保局-政策法规 国家医疗保障局办公室关于进一步加强劳动者医疗保障权益维护工作的通知",0,国家医疗保障局,,https://www.nhsa.gov.cn/art/2025/1/7/art_53_15401.html
REG_000268,regulation,国家医保局-政策法规,国家医保局 国家卫生健康委员会关于完善医药集中带量采购和执行工作机制...,2024-12-10,,"国家医保局-政策法规 国家医保局 国家卫生健康委员会关于完善医药集中带量采购和执行工作机制...
国家医保局-政策法规 国家医保局 国家卫生健康委员会关于完善医药集中带量采购和执行工作机制...",0,国家医疗保障局,,https://www.nhsa.gov.cn/art/2024/12/10/art_53_15055.html
REG_000269,regulation,国家医保局-公共服务,全国医疗保障跨省异地就医直接结算公共服务信息发布（第六十四期）,2025-06-07,,"国家医保局-公共服务 全国医疗保障跨省异地就医直接结算公共服务信息发布（第六十四期）
国家医保局-公共服务 全国医疗保障跨省异地就医直接结算公共服务信息发布（第六十四期）",0,国家医疗保障局,,https://www.nhsa.gov.cn/art/2025/6/7/art_114_16762.html
REG_000270,regulation,国家医保局-公共服务,全国医疗保障跨省异地就医直接结算公共服务信息发布（第六十三期）,2025-01-15,,"国家医保局-公共服务 全国医疗保障跨省异地就医直接结算公共服务信息发布（第六十三期）
国家医保局-公共服务 全国医疗保障跨省异地就医直接结算公共服务信息发布（第六十三期）",0,国家医疗保障局,,https://www.nhsa.gov.cn/art/2025/1/15/art_114_15468.html
REG_000271,regulation,国家医保局-公共服务,全国医疗保障跨省异地就医直接结算公共服务信息发布（第六十二期）,2024-10-29,,"国家医保局-公共服务 全国医疗保障跨省异地就医直接结算公共服务信息发布（第六十二期）
国家医保局-公共服务 全国医疗保障跨省异地就医直接结算公共服务信息发布（第六十二期）",0,国家医疗保障局,,https://www.nhsa.gov.cn/art/2024/10/29/art_114_14441.html
REG_000272,regulation,国家医保局-公共服务,全国医疗保障跨省异地就医直接结算公共服务信息发布（第六十一期）,2024-08-01,,"国家医保局-公共服务 全国医疗保障跨省异地就医直接结算公共服务信息发布（第六十一期）
国家医保局-公共服务 全国医疗保障跨省异地就医直接结算公共服务信息发布（第六十一期）",0,国家医疗保障局,,https://www.nhsa.gov.cn/art/2024/8/1/art_114_13419.html
REG_000273,regulation,国家医保局-公共服务,全国医疗保障跨省异地就医直接结算公共服务信息发布（第六十期）,2024-04-30,,"国家医保局-公共服务 全国医疗保障跨省异地就医直接结算公共服务信息发布（第六十期）
国家医保局-公共服务 全国医疗保障跨省异地就医直接结算公共服务信息发布（第六十期）",0,国家医疗保障局,,https://www.nhsa.gov.cn/art/2024/4/30/art_114_12579.html
REG_000274,regulation,国家医保局-公共服务,全国医疗保障跨省异地就医直接结算公共服务信息发布（第五十九期）,2024-01-29,,"国家医保局-公共服务 全国医疗保障跨省异地就医直接结算公共服务信息发布（第五十九期）
国家医保局-公共服务 全国医疗保障跨省异地就医直接结算公共服务信息发布（第五十九期）",0,国家医疗保障局,,https://www.nhsa.gov.cn/art/2024/1/29/art_114_12032.html
REG_000275,regulation,国家医保局-公共服务,全国医疗保障跨省异地就医直接结算公共服务信息发布（第五十八期）,2023-10-20,,"国家医保局-公共服务 全国医疗保障跨省异地就医直接结算公共服务信息发布（第五十八期）
国家医保局-公共服务 全国医疗保障跨省异地就医直接结算公共服务信息发布（第五十八期）",0,国家医疗保障局,,https://www.nhsa.gov.cn/art/2023/10/20/art_114_11408.html
REG_000276,regulation,国家医保局-公共服务,全国医疗保障跨省异地就医直接结算公共服务信息发布（第五十七期）,2023-07-31,,"国家医保局-公共服务 全国医疗保障跨省异地就医直接结算公共服务信息发布（第五十七期）
国家医保局-公共服务 全国医疗保障跨省异地就医直接结算公共服务信息发布（第五十七期）",0,国家医疗保障局,,https://www.nhsa.gov.cn/art/2023/7/31/art_114_11115.html
REG_000277,regulation,国家医保局-公共服务,全国医疗保障跨省异地就医直接结算公共服务信息发布（第五十六期）,2023-05-05,,"国家医保局-公共服务 全国医疗保障跨省异地就医直接结算公共服务信息发布（第五十六期）
国家医保局-公共服务 全国医疗保障跨省异地就医直接结算公共服务信息发布（第五十六期）",0,国家医疗保障局,,https://www.nhsa.gov.cn/art/2023/5/5/art_114_10557.html
REG_000278,regulation,国家医保局-公共服务,全国医疗保障跨省异地就医直接结算公共服务信息发布（第五十五期）,2023-01-31,,"国家医保局-公共服务 全国医疗保障跨省异地就医直接结算公共服务信息发布（第五十五期）
国家医保局-公共服务 全国医疗保障跨省异地就医直接结算公共服务信息发布（第五十五期）",0,国家医疗保障局,,https://www.nhsa.gov.cn/art/2023/1/31/art_114_10102.html
REG_000279,regulation,国家医保局-公共服务,门诊慢特病相关治疗费用跨省直接结算攻略,2022-12-28,,"国家医保局-公共服务 门诊慢特病相关治疗费用跨省直接结算攻略
国家医保局-公共服务 门诊慢特病相关治疗费用跨省直接结算攻略",0,国家医疗保障局,,https://www.nhsa.gov.cn/art/2022/12/28/art_114_9957.html
REG_000280,regulation,国家医保局-公共服务,全国医疗保障跨省异地就医直接结算公共服务信息发布（第五十四期）,2022-12-28,,"国家医保局-公共服务 全国医疗保障跨省异地就医直接结算公共服务信息发布（第五十四期）
国家医保局-公共服务 全国医疗保障跨省异地就医直接结算公共服务信息发布（第五十四期）",0,国家医疗保障局,,https://www.nhsa.gov.cn/art/2022/12/28/art_114_9956.html
REG_000281,regulation,国家医保局-公共服务,门诊慢特病相关治疗费用跨省直接结算攻略,2022-11-26,,"国家医保局-公共服务 门诊慢特病相关治疗费用跨省直接结算攻略
国家医保局-公共服务 门诊慢特病相关治疗费用跨省直接结算攻略",0,国家医疗保障局,,https://www.nhsa.gov.cn/art/2022/11/26/art_114_9857.html
REG_000282,regulation,国家医保局-公共服务,全国医疗保障跨省异地就医直接结算公共服务信息发布（第五十三期）,2022-11-26,,"国家医保局-公共服务 全国医疗保障跨省异地就医直接结算公共服务信息发布（第五十三期）
国家医保局-公共服务 全国医疗保障跨省异地就医直接结算公共服务信息发布（第五十三期）",0,国家医疗保障局,,https://www.nhsa.gov.cn/art/2022/11/26/art_114_9856.html
REG_000283,regulation,国家医保局-公共服务,全国医疗保障跨省异地就医直接结算公共服务信息发布（第五十二期）,2022-11-03,,"国家医保局-公共服务 全国医疗保障跨省异地就医直接结算公共服务信息发布（第五十二期）
国家医保局-公共服务 全国医疗保障跨省异地就医直接结算公共服务信息发布（第五十二期）",0,国家医疗保障局,,https://www.nhsa.gov.cn/art/2022/11/3/art_114_9701.html
REG_000284,regulation,国家医保局-公共服务,全国医疗保障跨省异地就医直接结算公共服务信息发布（第五十一期）,2022-09-26,,"国家医保局-公共服务 全国医疗保障跨省异地就医直接结算公共服务信息发布（第五十一期）
国家医保局-公共服务 全国医疗保障跨省异地就医直接结算公共服务信息发布（第五十一期）",0,国家医疗保障局,,https://www.nhsa.gov.cn/art/2022/9/26/art_114_9132.html
REG_000285,regulation,国家医保局-公共服务,全国医疗保障跨省异地就医直接结算公共服务信息发布（第五十期）,2022-08-31,,"国家医保局-公共服务 全国医疗保障跨省异地就医直接结算公共服务信息发布（第五十期）
国家医保局-公共服务 全国医疗保障跨省异地就医直接结算公共服务信息发布（第五十期）",0,国家医疗保障局,,https://www.nhsa.gov.cn/art/2022/8/31/art_114_8931.html
REG_000286,regulation,国家医保局-公共服务,全国医疗保障跨省异地就医直接结算公共服务信息发布（第四十九期）,2022-08-05,,"国家医保局-公共服务 全国医疗保障跨省异地就医直接结算公共服务信息发布（第四十九期）
国家医保局-公共服务 全国医疗保障跨省异地就医直接结算公共服务信息发布（第四十九期）",0,国家医疗保障局,,https://www.nhsa.gov.cn/art/2022/8/5/art_114_8816.html
REG_000287,regulation,国家医保局-公共服务,全国医疗保障跨省异地就医直接结算公共服务信息发布（第四十八期）,2022-06-21,,"国家医保局-公共服务 全国医疗保障跨省异地就医直接结算公共服务信息发布（第四十八期）
国家医保局-公共服务 全国医疗保障跨省异地就医直接结算公共服务信息发布（第四十八期）",0,国家医疗保障局,,https://www.nhsa.gov.cn/art/2022/6/21/art_114_8314.html
REG_000288,regulation,国家医保局-公共服务,全国医疗保障跨省异地就医直接结算公共服务信息发布（第四十七期）,2022-05-17,,"国家医保局-公共服务 全国医疗保障跨省异地就医直接结算公共服务信息发布（第四十七期）
国家医保局-公共服务 全国医疗保障跨省异地就医直接结算公共服务信息发布（第四十七期）",0,国家医疗保障局,,https://www.nhsa.gov.cn/art/2022/5/17/art_114_8203.html
REG_000289,regulation,国家医保局-公共服务,全国医疗保障跨省异地就医直接结算公共服务信息发布（第四十六期​）,2022-04-29,,"国家医保局-公共服务 全国医疗保障跨省异地就医直接结算公共服务信息发布（第四十六期​）
国家医保局-公共服务 全国医疗保障跨省异地就医直接结算公共服务信息发布（第四十六期​）",0,国家医疗保障局,,https://www.nhsa.gov.cn/art/2022/4/29/art_114_8149.html
REG_000290,regulation,国家医保局-公共服务,全国医疗保障跨省异地就医直接结算公共服务信息发布（第四十五期）,2022-03-25,,"国家医保局-公共服务 全国医疗保障跨省异地就医直接结算公共服务信息发布（第四十五期）
国家医保局-公共服务 全国医疗保障跨省异地就医直接结算公共服务信息发布（第四十五期）",0,国家医疗保障局,,https://www.nhsa.gov.cn/art/2022/3/25/art_114_8009.html
REG_000291,regulation,国家医保局-公共服务,全国医疗保障跨省异地就医直接结算公共服务信息发布（第四十四期）,2022-02-28,,"国家医保局-公共服务 全国医疗保障跨省异地就医直接结算公共服务信息发布（第四十四期）
国家医保局-公共服务 全国医疗保障跨省异地就医直接结算公共服务信息发布（第四十四期）",0,国家医疗保障局,,https://www.nhsa.gov.cn/art/2022/2/28/art_114_7990.html
REG_000292,regulation,国家医保局-公共服务,全国医疗保障跨省异地就医直接结算公共服务信息发布（第四十三期）,2022-01-26,,"国家医保局-公共服务 全国医疗保障跨省异地就医直接结算公共服务信息发布（第四十三期）
国家医保局-公共服务 全国医疗保障跨省异地就医直接结算公共服务信息发布（第四十三期）",0,国家医疗保障局,,https://www.nhsa.gov.cn/art/2022/1/26/art_114_7807.html
REG_000293,regulation,国家医保局-公共服务,全国医疗保障跨省异地就医直接结算公共服务信息发布（第四十二期）,2021-12-14,,"国家医保局-公共服务 全国医疗保障跨省异地就医直接结算公共服务信息发布（第四十二期）
国家医保局-公共服务 全国医疗保障跨省异地就医直接结算公共服务信息发布（第四十二期）",0,国家医疗保障局,,https://www.nhsa.gov.cn/art/2021/12/14/art_114_7491.html
REG_000294,regulation,国家医保局-公共服务,全国医疗保障跨省异地就医直接结算公共服务信息发布（第四十一期）,2021-11-18,,"国家医保局-公共服务 全国医疗保障跨省异地就医直接结算公共服务信息发布（第四十一期）
国家医保局-公共服务 全国医疗保障跨省异地就医直接结算公共服务信息发布（第四十一期）",0,国家医疗保障局,,https://www.nhsa.gov.cn/art/2021/11/18/art_114_7349.html
REG_000295,regulation,国家医保局-公共服务,全国医疗保障跨省异地就医直接结算公共服务信息发布（第四十期）,2021-11-01,,"国家医保局-公共服务 全国医疗保障跨省异地就医直接结算公共服务信息发布（第四十期）
国家医保局-公共服务 全国医疗保障跨省异地就医直接结算公共服务信息发布（第四十期）",0,国家医疗保障局,,https://www.nhsa.gov.cn/art/2021/11/1/art_114_7312.html
REG_000296,regulation,国家医保局-公共服务,全国医疗保障跨省异地就医直接结算公共服务信息发布（第三十九期）,2021-09-15,,"国家医保局-公共服务 全国医疗保障跨省异地就医直接结算公共服务信息发布（第三十九期）
国家医保局-公共服务 全国医疗保障跨省异地就医直接结算公共服务信息发布（第三十九期）",0,国家医疗保障局,,https://www.nhsa.gov.cn/art/2021/9/15/art_114_7165.html
REG_000297,regulation,国家医保局-公共服务,全国医疗保障跨省异地就医直接结算公共服务信息发布（第三十八期）,2021-08-17,,"国家医保局-公共服务 全国医疗保障跨省异地就医直接结算公共服务信息发布（第三十八期）
国家医保局-公共服务 全国医疗保障跨省异地就医直接结算公共服务信息发布（第三十八期）",0,国家医疗保障局,,https://www.nhsa.gov.cn/art/2021/8/17/art_114_7164.html
REG_000298,regulation,国家医保局-公共服务,全国医疗保障跨省异地就医直接结算公共服务信息发布（第三十七期）——持续扩大门诊费用跨省直接...,2021-07-26,,"国家医保局-公共服务 全国医疗保障跨省异地就医直接结算公共服务信息发布（第三十七期）——持续扩大门诊费用跨省直接...
国家医保局-公共服务 全国医疗保障跨省异地就医直接结算公共服务信息发布（第三十七期）——持续扩大门诊费用跨省直接...",0,国家医疗保障局,,https://www.nhsa.gov.cn/art/2021/7/26/art_114_7163.html
REG_000299,regulation,国家医保局-公共服务,全国医疗保障跨省异地就医直接结算公共服务信息发布（第三十六期）——全国门诊费用跨省直接结算...,2021-06-21,,"国家医保局-公共服务 全国医疗保障跨省异地就医直接结算公共服务信息发布（第三十六期）——全国门诊费用跨省直接结算...
国家医保局-公共服务 全国医疗保障跨省异地就医直接结算公共服务信息发布（第三十六期）——全国门诊费用跨省直接结算...",0,国家医疗保障局,,https://www.nhsa.gov.cn/art/2021/6/21/art_114_7162.html
REG_000300,regulation,国家医保局-公共服务,全国医疗保障跨省异地就医直接结算公共服务信息发布（第三十五期）——进一步扩大普通门诊费用跨...,2021-05-19,,"国家医保局-公共服务 全国医疗保障跨省异地就医直接结算公共服务信息发布（第三十五期）——进一步扩大普通门诊费用跨...
国家医保局-公共服务 全国医疗保障跨省异地就医直接结算公共服务信息发布（第三十五期）——进一步扩大普通门诊费用跨...",0,国家医疗保障局,,https://www.nhsa.gov.cn/art/2021/5/19/art_114_7161.html
REG_000301,regulation,国家医保局-公共服务,全国医疗保障跨省异地就医直接结算公共服务信息发布（第三十四期）——跨省异地就医月度直接结算...,2021-04-12,,"国家医保局-公共服务 全国医疗保障跨省异地就医直接结算公共服务信息发布（第三十四期）——跨省异地就医月度直接结算...
国家医保局-公共服务 全国医疗保障跨省异地就医直接结算公共服务信息发布（第三十四期）——跨省异地就医月度直接结算...",0,国家医疗保障局,,https://www.nhsa.gov.cn/art/2021/4/12/art_114_7160.html
REG_000302,regulation,国家医保局-公共服务,全国医疗保障跨省异地就医直接结算公共服务信息发布（第三十三期）——27个省（区、市）普通门...,2021-03-26,,"国家医保局-公共服务 全国医疗保障跨省异地就医直接结算公共服务信息发布（第三十三期）——27个省（区、市）普通门...
国家医保局-公共服务 全国医疗保障跨省异地就医直接结算公共服务信息发布（第三十三期）——27个省（区、市）普通门...",0,国家医疗保障局,,https://www.nhsa.gov.cn/art/2021/3/26/art_114_7159.html
REG_000303,regulation,国家医保局-公共服务,基本医疗保险跨省异地就医直接结算公共服务信息发布（第三十二期） ——西南5地率先启动高血压...,2021-02-26,,"国家医保局-公共服务 基本医疗保险跨省异地就医直接结算公共服务信息发布（第三十二期） ——西南5地率先启动高血压...
国家医保局-公共服务 基本医疗保险跨省异地就医直接结算公共服务信息发布（第三十二期） ——西南5地率先启动高血压...",0,国家医疗保障局,,https://www.nhsa.gov.cn/art/2021/2/26/art_114_7158.html
REG_000304,regulation,国家医保局-公共服务,基本医疗保险跨省异地就医直接结算公共服务信息发布（第三十一期）——普通门诊费用跨省直接结算...,2021-01-22,,"国家医保局-公共服务 基本医疗保险跨省异地就医直接结算公共服务信息发布（第三十一期）——普通门诊费用跨省直接结算...
国家医保局-公共服务 基本医疗保险跨省异地就医直接结算公共服务信息发布（第三十一期）——普通门诊费用跨省直接结算...",0,国家医疗保障局,,https://www.nhsa.gov.cn/art/2021/1/22/art_114_7157.html
REG_000305,regulation,国家医保局-公共服务,基本医疗保险跨省异地就医直接结算公共服务信息发布（第三十期）——日均住院和普通门诊跨省直接...,2021-01-18,,"国家医保局-公共服务 基本医疗保险跨省异地就医直接结算公共服务信息发布（第三十期）——日均住院和普通门诊跨省直接...
国家医保局-公共服务 基本医疗保险跨省异地就医直接结算公共服务信息发布（第三十期）——日均住院和普通门诊跨省直接...",0,国家医疗保障局,,https://www.nhsa.gov.cn/art/2021/1/18/art_114_7156.html
REG_000306,regulation,国家医保局-公共服务,基本医疗保险跨省异地就医直接结算公共服务信息发布（第二十九期）——异地就医备案结果自助查询...,2020-11-30,,"国家医保局-公共服务 基本医疗保险跨省异地就医直接结算公共服务信息发布（第二十九期）——异地就医备案结果自助查询...
国家医保局-公共服务 基本医疗保险跨省异地就医直接结算公共服务信息发布（第二十九期）——异地就医备案结果自助查询...",0,国家医疗保障局,,https://www.nhsa.gov.cn/art/2020/11/30/art_114_7155.html
REG_000307,regulation,国家医保局-公共服务,基本医疗保险跨省异地就医直接结算公共服务信息发布（第二十八期）——当月住院费用跨省直接结算...,2020-10-30,,"国家医保局-公共服务 基本医疗保险跨省异地就医直接结算公共服务信息发布（第二十八期）——当月住院费用跨省直接结算...
国家医保局-公共服务 基本医疗保险跨省异地就医直接结算公共服务信息发布（第二十八期）——当月住院费用跨省直接结算...",0,国家医疗保障局,,https://www.nhsa.gov.cn/art/2020/10/30/art_114_7154.html
REG_000308,regulation,国家医保局-公共服务,基本医疗保险跨省异地就医直接结算公共服务信息发布（第二十七期）——国家平台线上备案服务开通...,2020-09-30,,"国家医保局-公共服务 基本医疗保险跨省异地就医直接结算公共服务信息发布（第二十七期）——国家平台线上备案服务开通...
国家医保局-公共服务 基本医疗保险跨省异地就医直接结算公共服务信息发布（第二十七期）——国家平台线上备案服务开通...",0,国家医疗保障局,,https://www.nhsa.gov.cn/art/2020/9/30/art_114_7153.html
REG_000309,regulation,国家医保局-公共服务,基本医疗保险跨省异地就医直接结算公共服务信息发布（第二十六期）——门诊费用跨省直接结算人次...,2020-08-31,,"国家医保局-公共服务 基本医疗保险跨省异地就医直接结算公共服务信息发布（第二十六期）——门诊费用跨省直接结算人次...
国家医保局-公共服务 基本医疗保险跨省异地就医直接结算公共服务信息发布（第二十六期）——门诊费用跨省直接结算人次...",0,国家医疗保障局,,https://www.nhsa.gov.cn/art/2020/8/31/art_114_7152.html
REG_000310,regulation,国家医保局-公共服务,基本医疗保险跨省异地就医直接结算公共服务信息发布（第二十五期）,2020-07-29,,"国家医保局-公共服务 基本医疗保险跨省异地就医直接结算公共服务信息发布（第二十五期）
国家医保局-公共服务 基本医疗保险跨省异地就医直接结算公共服务信息发布（第二十五期）",0,国家医疗保障局,,https://www.nhsa.gov.cn/art/2020/7/29/art_114_7151.html
REG_000311,regulation,国家医保局-公共服务,基本医疗保险跨省异地就医直接结算公共服务信息发布（第二十四期）——全国统一的查询服务让异地...,2020-06-29,,"国家医保局-公共服务 基本医疗保险跨省异地就医直接结算公共服务信息发布（第二十四期）——全国统一的查询服务让异地...
国家医保局-公共服务 基本医疗保险跨省异地就医直接结算公共服务信息发布（第二十四期）——全国统一的查询服务让异地...",0,国家医疗保障局,,https://www.nhsa.gov.cn/art/2020/6/29/art_114_7150.html
REG_000312,regulation,国家医保局-公共服务,基本医疗保险跨省异地就医直接结算公共服务信息发布（第二十三期）——京津冀、长三角、西南五省...,2020-05-22,,"国家医保局-公共服务 基本医疗保险跨省异地就医直接结算公共服务信息发布（第二十三期）——京津冀、长三角、西南五省...
国家医保局-公共服务 基本医疗保险跨省异地就医直接结算公共服务信息发布（第二十三期）——京津冀、长三角、西南五省...",0,国家医疗保障局,,https://www.nhsa.gov.cn/art/2020/5/22/art_114_7149.html
REG_000313,regulation,国家医保局-公共服务,基本医疗保险跨省异地就医直接结算公共服务信息发布（第二十二期）——跨省异地就医直接结算量有...,2020-04-30,,"国家医保局-公共服务 基本医疗保险跨省异地就医直接结算公共服务信息发布（第二十二期）——跨省异地就医直接结算量有...
国家医保局-公共服务 基本医疗保险跨省异地就医直接结算公共服务信息发布（第二十二期）——跨省异地就医直接结算量有...",0,国家医疗保障局,,https://www.nhsa.gov.cn/art/2020/4/30/art_114_7148.html
